net,length_um
clk,985.455µm
net477,853.6µm
net478,851.59µm
net480,848.01µm
net479,840.16µm
clknet_3_0_0_clk_regs,835.105µm
final_a\[2\],824.94µm
net705,807.34µm
final_a\[7\],803.93µm
core_inst.rf_mem_if.o_wb_rdt\[24\],803.52µm
core_inst.rf_mem_if.o_wb_rdt\[25\],802.55µm
clknet_3_1_0_clk_regs,802.27µm
clknet_0_clk_regs,793.61µm
final_a\[8\],764.69µm
final_d\[1\],760.14µm
final_d\[0\],758.23µm
sram2048.D\[3\],749.72µm
final_a\[9\],742.05µm
net572,727.82µm
_1299_,709.82µm
clknet_0_clk,704.2µm
core_inst.rf_mem_if.o_wb_rdt\[28\],684.94µm
net564,675.11µm
net809,674.75µm
core_inst.rf_mem_if.o_wb_rdt\[26\],674.72µm
net710,674.6µm
net474,668.65µm
final_d\[2\],654.27µm
core_inst.rf_mem_if.o_wb_rdt\[27\],634.395µm
sram2048.q_bank0\[6\],632.965µm
sram2048.q_bank0\[7\],628.825µm
net462,626.41µm
net465,621.52µm
core_inst.rf_mem_if.o_wb_rdt\[29\],620.25µm
_0198_,614.93µm
net741,614.81µm
net470,609.84µm
net461,606.94µm
_1830_,600.76µm
net740,600.01µm
sram2048.q_bank0\[5\],598.985µm
net464,598.71µm
net578,587.5µm
net475,582.31µm
clknet_leaf_38_clk_regs,579.85µm
sram2048.q_bank0\[4\],577.66µm
net466,571.07µm
net538,565.89µm
net463,562.01µm
net726,561.97µm
_0197_,560.01µm
net612,559.54µm
net701,554.38µm
net739,551.79µm
net1009,548.87µm
_2277_,548.17µm
net489,547.92µm
net503,542.33µm
_0191_,538.22µm
net567,536.58µm
net546,534.95µm
net680,534.08µm
net696,532.42µm
net545,525.545µm
net525,525.51µm
net541,525.27µm
_1528_,524.52µm
net670,523.3µm
sram2048.q_bank0\[3\],521.71µm
net551,520.59µm
net512,520.5µm
net600,508.36µm
net20,507.48µm
net676,506.3µm
net615,505.74µm
clknet_3_4_0_clk_regs,505.725µm
net707,505.53µm
clknet_3_5_0_clk_regs,503.675µm
net730,502.08µm
net654,501.435µm
_0193_,499.8µm
net629,499.72µm
net667,498.98µm
_0184_,498.68µm
net671,498.28µm
net607,498.14µm
net554,494.68µm
net593,493.785µm
net549,492.415µm
net581,491.87µm
net609,489.45µm
net493,487.07µm
_2249_,485.44µm
net605,481.47µm
net649,479.8µm
net565,476.27µm
net577,475.97µm
net656,474.76µm
net618,472.66µm
net678,471.31µm
net664,470.165µm
net652,469.835µm
net529,468.89µm
net598,468.87µm
net685,467.9µm
_0201_,467.67µm
net691,467.52µm
_0183_,465.61µm
net689,464.67µm
net613,464.45µm
_0199_,459.73µm
net602,459.37µm
net660,457.38µm
_1937_,456.85µm
net757,454.46µm
net668,453.04µm
net548,452.89µm
net711,452.55µm
net617,452.06µm
net789,452.03µm
_0189_,449.96µm
net553,446.43µm
net673,444.43µm
net625,439.385µm
_0820_,439.04µm
clknet_leaf_7_clk_regs,434.17µm
net562,434.11µm
_0832_,434.05µm
net611,431.61µm
net597,431.25µm
net713,431.05µm
_2225_,429.455µm
sram2048.q_bank0\[1\],423.84µm
sram2048.q_bank0\[2\],423.7µm
net702,422.075µm
_0195_,421.55µm
net539,420.53µm
net620,419.34µm
net595,417.815µm
net523,416.91µm
_0194_,415.17µm
_1843_,415µm
net624,414.92µm
_0190_,414.6µm
net622,413.7µm
net684,410.68µm
_0808_,410.53µm
net647,410.16µm
net583,409.92µm
_1312_,409.89µm
net658,408.59µm
net472,405.78µm
net603,403.73µm
net610,402.59µm
net688,400.78µm
net785,400.55µm
net697,397.29µm
net675,396.87µm
sram2048.q_bank0\[0\],395.65µm
net723,395.5µm
_0186_,393.55µm
_0826_,393.4µm
_0001_,393.27µm
net682,386.48µm
net543,386.07µm
net627,385.95µm
net708,385.07µm
net666,384.46µm
net714,383.72µm
net773,383.09µm
_2301_,381.52µm
net580,381.46µm
_0202_,381.08µm
_0000_,379.78µm
net631,379.14µm
net608,378.86µm
net698,377.04µm
net662,376.975µm
net492,374.37µm
net692,373.58µm
clknet_3_3_0_clk_regs,373.49µm
net606,372.84µm
_1831_,372.46µm
net468,372.37µm
router_inst.inject_flit\[26\],371.52µm
_2170_,371.195µm
_0814_,370.63µm
net737,370.22µm
net534,369.85µm
net536,367.74µm
_0603_,366.8µm
net709,366.08µm
net651,362.35µm
net505,361.4µm
_0794_,361.2µm
net679,360.9µm
net824,360.57µm
_1538_,358.78µm
net655,358.55µm
net537,358.32µm
_0209_,357.71µm
net473,356.02µm
net628,355.8µm
net796,355.335µm
net802,354.63µm
net569,354.59µm
_2186_,354.4µm
_2215_,352.3µm
_2006_,349.96µm
net677,349.55µm
net544,349.425µm
net704,349.24µm
net700,349.18µm
net563,347.58µm
net738,347.21µm
core_inst.o_wb_dat\[8\],346.585µm
net703,346.37µm
net653,346.29µm
net725,346.14µm
net687,345.77µm
net487,344.32µm
net469,342.445µm
net795,342.21µm
net497,342.055µm
net604,341.06µm
net695,339.225µm
net488,339.05µm
_2044_,338.305µm
_1278_,338.24µm
net592,336.99µm
net779,336.02µm
dft_rdata[7],335.3µm
net596,334.89µm
net724,334.84µm
net527,334.74µm
net485,334.37µm
_2270_,333.2µm
net490,332.065µm
net556,331.76µm
_0788_,331.01µm
net582,328.69µm
net690,328.45µm
net531,327.93µm
net727,327.8µm
net778,327.01µm
net729,326.83µm
_0956_,326.43µm
net576,324.85µm
clknet_3_6_0_clk_regs,324.29µm
_1993_,324.205µm
net535,323.39µm
net557,323.28µm
_2257_,320.34µm
net579,319.78µm
net822,319.64µm
_1009_,318.53µm
core_inst.servile.rf_ram_if.gen_wtrig_ratio_neq_2.wtrig0_r,317.21µm
_1842_,316.04µm
core_inst.rf_mem_if.o_wb_rdt\[12\],315.115µm
net,315.02µm
net823,314.37µm
net630,313.14µm
_0654_,312.55µm
net499,311.59µm
net712,310.54µm
core_inst.rf_mem_if.o_wb_rdt\[13\],309.88µm
sram2048.q_bank1\[7\],309.4µm
_1880_,309.34µm
net762,307.97µm
net693,307.905µm
_0695_,307.87µm
net471,307.725µm
net601,307.29µm
clknet_3_2_0_clk_regs,305.34µm
_1296_,305.24µm
net502,305.19µm
net555,304.78µm
net491,304.725µm
net501,304.38µm
core_inst.servile.cpu.bufreg.data\[1\],304.15µm
net496,303.66µm
_2242_,303.64µm
_0602_,302.515µm
clknet_3_7_0_clk_regs,302.45µm
net650,301.3µm
net810,300.09µm
core_inst.rf_mem_if.o_wb_rdt\[9\],299.94µm
core_inst.servile.cpu.alu.i_rs1\[0\],299.29µm
net568,298.35µm
net626,296.75µm
core_inst.rf_mem_if.o_wb_rdt\[11\],295.46µm
net550,295.13µm
core_inst.rf_mem_if.o_wb_rdt\[8\],294.94µm
_1008_,294.25µm
clknet_leaf_31_clk_regs,292.445µm
net808,292.32µm
_0922_,290.69µm
sram2048.q_bank1\[6\],290.22µm
clknet_leaf_39_clk_regs,289.9µm
net756,289.77µm
core_inst.o_wb_adr\[2\],286.44µm
net811,285.23µm
clknet_leaf_28_clk_regs,284.78µm
net821,284.61µm
_1565_,284.07µm
net801,283.78µm
_2037_,281.995µm
net623,281.55µm
_1857_,280.73µm
sram2048.q_bank1\[5\],280.19µm
_1313_,280.02µm
net533,279.41µm
_1929_,279.12µm
core_inst.servile.cpu.bufreg.data\[0\],278.75µm
final_a\[0\],277.9µm
core_inst.rf_mem_if.o_wb_rdt\[10\],274.955µm
net530,274.805µm
net659,274.76µm
core_inst.rf_mem_if.o_wb_rdt\[20\],274.69µm
net174,274.58µm
net547,272.96µm
_0704_,272.68µm
net559,271.94µm
net552,271.91µm
_0203_,271.88µm
clknet_leaf_15_clk_regs,270.77µm
net674,270.655µm
net481,270.22µm
sram2048.GWEN,269.5µm
net665,269.33µm
net621,268.86µm
net532,268.81µm
net570,268.515µm
net566,268.11µm
core_inst.o_wb_adr\[10\],267.78µm
sram2048.q_bank1\[4\],267.54µm
_0629_,267.05µm
net500,266.94µm
net721,266.76µm
_2076_,265.88µm
clknet_leaf_34_clk_regs,265.66µm
_2029_,265.36µm
net506,265.18µm
net619,264.73µm
net669,264.26µm
_0801_,264.09µm
_1986_,264.085µm
net476,264.01µm
final_a\[1\],263.67µm
_0701_,263.48µm
net722,263.415µm
net524,263.36µm
_0188_,262.97µm
net797,262.47µm
net87,262.285µm
core_inst.o_wb_dat\[0\],262.08µm
final_a\[6\],261.01µm
_0924_,260.975µm
core_inst.rf_mem_if.bsel\[1\],260.42µm
_0182_,260.12µm
net787,258.53µm
_1922_,256.62µm
final_a\[3\],256.44µm
_1894_,254.71µm
net560,254.5µm
core_inst.rf_mem_if.o_wb_rdt\[21\],254.16µm
core_inst.rf_mem_if.o_wb_rdt\[22\],254.11µm
net209,253.73µm
core_inst.rf_mem_if.o_wb_rdt\[4\],253.41µm
_0798_,252.58µm
net683,251.74µm
net614,251.69µm
_2162_,251.6µm
net526,250.52µm
net804,249.44µm
_2288_,249.2µm
_1817_,249.07µm
net805,248.48µm
_2014_,245.99µm
net812,245.3µm
clknet_1_1__leaf_clk,245.29µm
core_inst.o_wb_adr\[31\],245.015µm
clknet_leaf_4_clk_regs,244.61µm
_1785_,244.22µm
net540,243.98µm
net507,243.75µm
_1957_,243.34µm
net542,243.15µm
net715,242.74µm
_1888_,241.965µm
clknet_leaf_17_clk_regs,241.35µm
net494,240.445µm
net483,239.63µm
core_inst.o_wb_dat\[18\],238.52µm
net616,237.07µm
net759,236.88µm
core_inst.o_wb_dat\[23\],236.405µm
net694,235.49µm
net742,235.4µm
clknet_leaf_8_clk_regs,235.32µm
final_a\[5\],235.25µm
clknet_leaf_16_clk_regs,235.25µm
_1770_,234.355µm
core_inst.rf_mem_if.o_wb_rdt\[3\],234.32µm
_0797_,233.9µm
net504,233.34µm
net803,233.09µm
net292,232.82µm
_1808_,232.68µm
_0659_,232.01µm
core_inst.servile.cpu.decode.opcode\[1\],230.67µm
_0540_,230.49µm
_0609_,230.46µm
clknet_leaf_32_clk_regs,230.14µm
clknet_leaf_10_clk_regs,230µm
clknet_leaf_36_clk_regs,228.32µm
net511,228.02µm
net106,227.23µm
core_inst.rf_mem_if.o_wb_rdt\[2\],227.21µm
net706,227.035µm
net751,226.765µm
net736,226.67µm
net145,225.71µm
core_inst.o_wb_dat\[22\],225.625µm
net1004,224.42µm
net561,223.87µm
_1556_,223.71µm
clknet_leaf_23_clk_regs,223.48µm
net745,223.065µm
net495,222.85µm
net800,222.79µm
net699,222.33µm
_1901_,222.28µm
core_inst.rf_mem_if.o_wb_rdt\[5\],222.19µm
clknet_leaf_24_clk_regs,222.11µm
clknet_leaf_21_clk_regs,222.06µm
_0192_,222.04µm
net772,222.01µm
final_a\[4\],221.86µm
net574,220.79µm
clknet_leaf_22_clk_regs,220.34µm
clknet_leaf_6_clk_regs,219.92µm
net508,219.43µm
_0187_,218.78µm
net657,218.56µm
_0690_,217.81µm
net793,217.76µm
clknet_leaf_14_clk_regs,216.69µm
net49,216.36µm
clknet_leaf_30_clk_regs,215.95µm
net636,215.24µm
clknet_leaf_27_clk_regs,214.12µm
_2051_,214.055µm
clknet_leaf_26_clk_regs,213.7µm
net78,212.9µm
_0181_,212.17µm
net155,211.625µm
router_inst.inject_flit\[27\],211.53µm
net768,211.04µm
net585,210.39µm
_0085_,210.05µm
net794,209.54µm
_2082_,208.93µm
_0799_,208.76µm
_0582_,208.7µm
clknet_leaf_25_clk_regs,208.22µm
net520,208.01µm
clknet_leaf_19_clk_regs,207.78µm
core_inst.o_wb_dat\[24\],207.075µm
net755,206.67µm
net144,206.635µm
clknet_leaf_9_clk_regs,206.28µm
_0563_,205.9µm
net774,205.76µm
net766,205.515µm
net190,204.03µm
_0713_,203.43µm
_2030_,202.435µm
clknet_leaf_20_clk_regs,202.36µm
net686,202.26µm
net181,202.145µm
net198,201.235µm
net467,201.07µm
_0200_,201.05µm
_0179_,200.84µm
core_inst.rf_mem_if.o_wb_rdt\[14\],199.77µm
clknet_leaf_12_clk_regs,199.76µm
net283,199.27µm
net154,198.9µm
net224,198.34µm
net635,198.335µm
net278,198.11µm
net301,197.485µm
clknet_leaf_3_clk_regs,196.2µm
_2290_,195.77µm
net368,194.98µm
_0119_,194.52µm
net76,192.955µm
_1964_,192.73µm
net123,192.37µm
clknet_leaf_33_clk_regs,192.28µm
net282,192.08µm
net754,191.72µm
net112,191.62µm
net277,190.4µm
net594,190.25µm
net758,189.75µm
net387,189.33µm
_0767_,188.9µm
_0212_,187.93µm
net243,187.92µm
net717,187.535µm
net486,187.34µm
net376,186.63µm
net110,186.015µm
clknet_leaf_2_clk_regs,185.66µm
net153,185.58µm
net586,185.53µm
net584,185.52µm
core_inst.servile.cpu.csr_imm\[0\],185.51µm
clknet_leaf_35_clk_regs,185.51µm
net798,185.28µm
_1864_,184.86µm
core_inst.rf_mem_if.o_wb_rdt\[23\],184.48µm
core_inst.rf_mem_if.o_wb_rdt\[6\],184.34µm
net325,184.34µm
net421,184.34µm
_0816_,184.33µm
core_inst.servile.cpu.o_wdata1\[0\],184.24µm
net247,184.15µm
net573,184.06µm
net514,183.92µm
_0810_,183.77µm
_1943_,183.77µm
_1951_,183.61µm
net771,183.42µm
net753,182.81µm
net558,182.51µm
net750,182.34µm
_0196_,182.33µm
_0538_,182.33µm
net599,182.3µm
_0782_,182.05µm
net752,181.97µm
clknet_leaf_18_clk_regs,181.79µm
_0178_,181.72µm
_2080_,181.64µm
clknet_leaf_11_clk_regs,181.23µm
net522,181.03µm
net681,180.98µm
net728,180.62µm
net267,180.47µm
_2067_,180.09µm
net294,180.04µm
net591,179.73µm
_0878_,178.73µm
net179,178.41µm
net129,177.88µm
net246,177.58µm
net232,177.34µm
_0648_,177.045µm
net410,176.5µm
_0804_,176.49µm
_2058_,176.345µm
net663,176.32µm
net213,175.42µm
core_inst.o_wb_dat\[31\],174.8µm
net672,174.68µm
_2368_,174.5µm
clknet_leaf_5_clk_regs,173.885µm
net61,173.42µm
_0591_,173.28µm
net188,173.23µm
net315,172.91µm
_0637_,172.59µm
_2000_,171.405µm
_0683_,171.39µm
net291,170.995µm
_1979_,170.93µm
router_inst.inject_flit\[15\],170.895µm
_0527_,170.88µm
router_inst.inject_flit\[14\],170.88µm
net215,170.87µm
net44,170.465µm
net767,170.065µm
net113,169.445µm
net184,168.705µm
net646,168.57µm
dft_rdata[6],168.47µm
net182,168.19µm
net195,168.15µm
net788,168.1µm
_0790_,167.81µm
core_inst.o_wb_dat\[11\],167.715µm
_0822_,166.97µm
core_inst.rf_mem_if.o_wb_rdt\[19\],166.675µm
_0681_,166.165µm
net509,165.86µm
net226,165.44µm
_1909_,165.425µm
net590,165.35µm
net53,164.93µm
net732,164.74µm
net589,164.65µm
net648,164.65µm
core_inst.rf_mem_if.o_wb_rdt\[18\],164.42µm
net784,163.94µm
_0762_,163.48µm
core_inst.o_wb_dat\[16\],163.48µm
core_inst.servile.cpu.o_wdata0\[0\],163.29µm
net89,163.235µm
clknet_leaf_37_clk_regs,163.16µm
net86,163.05µm
core_inst.rf_mem_if.o_wb_rdt\[17\],162.85µm
core_inst.o_wb_dat\[21\],162.335µm
net760,162.32µm
core_inst.o_wb_dat\[3\],161.525µm
net163,161.085µm
net719,160.79µm
net1005,160.77µm
net95,160.14µm
_0843_,159.93µm
net286,159.545µm
clknet_leaf_1_clk_regs,159.44µm
net75,158.705µm
clknet_leaf_13_clk_regs,158.68µm
net776,158.45µm
net775,158.43µm
net72,158.07µm
net233,157.6µm
net769,157.5µm
net225,157.04µm
core_inst.o_wb_dat\[27\],156.615µm
net746,156.49µm
net393,156.34µm
router_inst.inject_flit\[3\],156.01µm
net118,155.675µm
net641,155.65µm
_0759_,155.4µm
net203,155.345µm
net777,155.28µm
_2086_,155.21µm
clknet_leaf_29_clk_regs,154.76µm
core_inst.servile.cpu.immdec.gen_immdec_w_eq_1.imm19_12_20\[5\],154.75µm
net60,154.38µm
_2341_,154.25µm
net199,154.1µm
net748,154.045µm
core_inst.servile.cpu.decode.co_mem_word,154.025µm
net137,153.82µm
net285,153.72µm
clknet_leaf_0_clk_regs,153.23µm
net62,153.155µm
_1826_,152.845µm
net311,152.735µm
net305,152.325µm
net518,152.01µm
net266,151.86µm
net149,151.675µm
net300,151.53µm
net178,151.145µm
net130,150.565µm
_0754_,150.32µm
_0106_,150.23µm
net820,149.79µm
net342,149.62µm
_1537_,149.57µm
core_inst.servile.cpu.immdec.gen_immdec_w_eq_1.imm24_20\[0\],149.44µm
core_inst.o_wb_dat\[30\],149.01µm
_0926_,148.4µm
net189,148.27µm
net223,148.17µm
net52,148.065µm
net744,147.94µm
net792,147.53µm
net54,147.48µm
net114,147.38µm
net786,146.92µm
_1779_,146.83µm
net1008,146.82µm
net764,146.72µm
net45,146.585µm
net770,145.51µm
core_inst.o_wb_dat\[12\],145.5µm
core_inst.servile.cpu.state.gen_csr.misalign_trap_sync_r,144.96µm
router_inst.inject_flit\[10\],144.96µm
net96,144.545µm
core_inst.o_wb_dat\[17\],144.39µm
_0928_,144.3µm
net782,144.195µm
_1536_,143.74µm
net120,143.545µm
core_inst.servile.cpu.bufreg.i_sh_signed,143.51µm
net164,143.51µm
net47,143.46µm
router_inst.inject_flit\[21\],143.34µm
core_inst.servile.cpu.decode.co_ebreak,143.09µm
net151,142.7µm
net121,142.465µm
net117,142.33µm
_0739_,141.45µm
_1257_,141.45µm
net115,141.395µm
net733,141.32µm
net528,140.86µm
_2111_,140.84µm
net100,140.8µm
_2259_,140.61µm
router_inst.inject_flit\[22\],140.555µm
_2077_,140.43µm
net119,140.25µm
net763,139.92µm
net781,139.895µm
net482,139.59µm
net109,139.58µm
_0756_,138.84µm
core_inst.servile.cpu.bufreg2.i_bytecnt\[0\],138.8µm
net260,138.7µm
core_inst.o_wb_dat\[25\],138.67µm
net280,138.42µm
_0828_,138.41µm
_2022_,138.315µm
net336,138.28µm
net510,137.35µm
net252,137.3µm
router_inst.inject_flit\[16\],137.24µm
_0685_,137.16µm
clknet_1_0__leaf_clk,137.11µm
net248,136.88µm
net88,136.865µm
boot_mode_q,136.23µm
net237,135.95µm
net186,135.895µm
net262,135.62µm
net404,135.57µm
net140,134.97µm
_0606_,134.855µm
net147,134.85µm
_0034_,134.78µm
net122,134.585µm
net177,134.495µm
sram2048.q_bank1\[3\],134.395µm
net217,133.48µm
net314,133.325µm
net312,133.225µm
net799,132.77µm
core_inst.rf_mem_if.o_wb_rdt\[16\],132.4µm
_0842_,132.285µm
net637,131.585µm
_0668_,131.47µm
net134,131.44µm
net229,131.42µm
net484,131.24µm
net146,130.81µm
net521,130.78µm
net200,130.665µm
_1237_,130.63µm
net313,130.19µm
net718,129.47µm
net749,129.09µm
router_inst.inject_flit\[24\],129.02µm
net735,129µm
net183,128.715µm
core_inst.servile.cpu.immdec.gen_immdec_w_eq_1.imm11_7\[0\],128.04µm
router_inst.inject_flit\[30\],127.83µm
net515,127.71µm
net275,127.7µm
net143,127.625µm
net498,127.55µm
core_inst.o_wb_dat\[10\],127.395µm
net212,127.36µm
net366,127.22µm
core_inst.o_wb_dat\[13\],127.125µm
net634,126.76µm
net136,126.16µm
core_inst.o_wb_dat\[29\],125.82µm
core_inst.servile.cpu.immdec.gen_immdec_w_eq_1.imm19_12_20\[7\],125.73µm
_1873_,125.385µm
_2303_,125.26µm
_0964_,125.16µm
net297,124.8µm
net303,124.75µm
net1003,124.71µm
core_inst.o_wb_dat\[9\],124.47µm
net63,124.025µm
_0977_,123.76µm
net156,123.72µm
_0765_,123.53µm
_0568_,123.1µm
net390,122.64µm
net218,122.315µm
net46,122.025µm
net185,121.77µm
_0781_,121.57µm
net240,121.57µm
net720,120.93µm
net55,120.725µm
_0610_,120.45µm
net58,120.165µm
net65,119.39µm
net747,119.145µm
_0562_,119.05µm
net519,118.97µm
_0580_,118.965µm
net142,118.52µm
_0554_,118.49µm
net402,118.26µm
net513,118.22µm
net66,117.98µm
router_inst.inject_flit\[31\],117.94µm
_2210_,117.75µm
net307,117.43µm
router_inst.inject_flit\[9\],117.12µm
router_inst.inject_flit\[32\],117.09µm
net175,116.775µm
net293,116.58µm
net126,116.37µm
net249,116.02µm
_2203_,115.92µm
net244,115.92µm
_0647_,115.89µm
_0612_,115.61µm
net157,115.51µm
core_inst.servile.arbiter.i_wb_cpu_ibus_adr\[0\],115.41µm
net192,115.37µm
sram2048.q_bank1\[2\],114.66µm
net127,114.62µm
net98,114.39µm
net819,114.3µm
_0680_,114.24µm
net208,113.985µm
net575,113.88µm
net643,113.435µm
_1916_,113.36µm
net334,113.17µm
net813,113.01µm
net731,112.86µm
_1238_,112.84µm
net70,112.66µm
net135,112.61µm
net132,112.465µm
net210,112.415µm
net765,112.38µm
net632,112.15µm
net51,112.1µm
net424,112µm
net304,111.92µm
core_inst.servile.cpu.immdec.gen_immdec_w_eq_1.imm19_12_20\[6\],111.805µm
net81,111.73µm
net271,111.54µm
net97,111.31µm
net235,111.21µm
net67,111.03µm
_0684_,110.95µm
net780,110.95µm
net638,110.79µm
net73,110.65µm
_0750_,110.41µm
_2057_,110.41µm
south_out[9],110.34µm
_0803_,110.19µm
net299,110.14µm
_2352_,109.86µm
net661,109.74µm
_0921_,109.35µm
net306,109.2µm
_0720_,109.195µm
net93,109.16µm
net116,109.07µm
net219,108.55µm
net818,108.5µm
net168,108.36µm
net587,108.255µm
_0978_,108.18µm
net107,108.18µm
_2326_,108.035µm
net236,108µm
se_in[10],107.69µm
net241,107.685µm
core_inst.o_wb_dat\[5\],107.67µm
net356,107.67µm
east_out[10],106.98µm
net84,106.96µm
net162,106.905µm
core_inst.servile.cpu.state.o_cnt\[2\],106.69µm
net716,106.55µm
net357,106.45µm
net165,106.165µm
net80,105.94µm
net807,105.94µm
router_inst.inject_flit\[6\],104.54µm
_1865_,104.28µm
nw_in[16],104.28µm
_0844_,104.16µm
net202,103.99µm
core_inst.servile.cpu.state.init_done,103.825µm
net69,103.65µm
nw_in[10],103.62µm
_0564_,103.37µm
net68,103.215µm
north_in[10],103.21µm
sw_in[21],103.06µm
core_inst.servile.cpu.immdec.gen_immdec_w_eq_1.imm11_7\[1\],102.58µm
net138,102.53µm
net296,102.53µm
se_out[3],102.5µm
net734,102.35µm
_2309_,102.29µm
sram2048.D\[4\],102.25µm
_2078_,102.2µm
_0747_,102.06µm
net222,101.83µm
net131,101.81µm
core_inst.servile.cpu.state.cnt_r\[0\],101.69µm
net806,101.61µm
net364,101.51µm
net279,101.51µm
net48,101.505µm
se_out[16],101.38µm
net64,101.215µm
net268,100.34µm
net640,100.28µm
west_in[8],100.26µm
_0185_,100.06µm
net645,99.97µm
_2197_,99.96µm
_0639_,99.4µm
nb_pop,99.27µm
se_in[4],99.19µm
_1368_,99.12µm
_2339_,98.94µm
net316,98.84µm
south_out[4],98.83µm
net378,98.71µm
net344,98.66µm
net347,98.66µm
net238,98.66µm
net187,98.655µm
core_inst.servile.cpu.decode.op21,98.61µm
net193,98.605µm
north_in[9],98.58µm
net308,98.43µm
core_inst.o_wb_dat\[6\],98.38µm
net295,98.375µm
net196,98.275µm
_0716_,98.09µm
net230,97.995µm
core_inst.rf_mem_if.o_wb_ack,97.88µm
east_out[21],97.46µm
net169,97.36µm
nw_in[17],96.95µm
nw_in[4],96.34µm
net152,96.21µm
net77,96.09µm
_0586_,95.675µm
_1771_,95.58µm
_0559_,95.35µm
se_out[0],95.34µm
nw_in[21],95.22µm
sw_in[9],95.22µm
net148,94.815µm
net159,94.745µm
net386,94.74µm
se_out[4],94.66µm
_1280_,94.6µm
core_inst.servile.cpu.state.cnt_r\[3\],94.38µm
net517,94.18µm
net326,94.08µm
core_inst.servile.rf_ram_if.rtrig0,94µm
core_inst.o_wb_dat\[2\],93.845µm
_1783_,93.72µm
net516,93.53µm
net642,93.39µm
_0551_,93.29µm
net191,93.11µm
_0972_,92.87µm
_2241_,92.805µm
net426,92.65µm
_0721_,92.49µm
east_out[3],92.42µm
net59,92.24µm
core_inst.servile.cpu.immdec.gen_immdec_w_eq_1.imm19_12_20\[8\],92.17µm
sram2048.D\[6\],92.12µm
_1972_,92.05µm
net743,91.99µm
net255,91.89µm
south_out[22],91.86µm
router_inst.inject_flit\[20\],91.52µm
east_in[14],91.3µm
ne_in[18],91.3µm
_0904_,91.19µm
east_out[1],90.79µm
net56,90.78µm
se_in[22],90.74µm
south_out[3],90.74µm
net99,90.575µm
net302,90.485µm
_0883_,90.21µm
east_in[10],90.18µm
sw_in[4],90.18µm
_1283_,89.99µm
net141,89.77µm
net391,89.65µm
net234,89.65µm
net381,89.6µm
sram2048.q_bank1\[1\],89.46µm
net161,89.455µm
core_inst.servile.cpu.bne_or_bge,89.34µm
net359,89.14µm
se_in[3],89.06µm
se_out[19],89.06µm
_0671_,88.92µm
_0596_,88.72µm
sw_in[17],88.65µm
net298,88.62µm
_2050_,88.57µm
se_in[16],88.5µm
west_in[18],88.5µm
net287,88.335µm
ne_in[4],87.94µm
_2153_,87.92µm
net761,87.785µm
core_inst.o_wb_dat\[26\],87.735µm
_0679_,87.64µm
net160,87.585µm
north_in[13],87.38µm
sw_in[1],87.38µm
_0070_,87.26µm
_1965_,87.23µm
_0625_,86.975µm
nw_in[9],86.87µm
south_in[19],86.82µm
se_out[18],86.82µm
_1958_,86.695µm
_1245_,86.57µm
nw_in[14],86.31µm
east_in[24],86.26µm
net322,86.24µm
net284,85.93µm
_0875_,85.55µm
_0692_,85.5µm
_0206_,85.45µm
_1308_,85.4µm
_2157_,85.4µm
_0931_,85.365µm
net254,84.85µm
_2351_,84.75µm
se_out[14],84.73µm
west_in[24],84.58µm
se_out[21],84.58µm
_1268_,84.56µm
core_inst.o_wb_dat\[20\],84.555µm
net111,84.52µm
_0570_,84.355µm
router_inst.inject_flit\[7\],84.315µm
_0557_,84.28µm
net239,84.2µm
net367,84.1µm
net128,83.905µm
net124,83.61µm
net173,83.285µm
west_in[1],82.9µm
west_in[21],82.9µm
net37,82.88µm
net201,82.47µm
ne_in[21],82.39µm
sw_in[15],82.39µm
ne_in[3],82.34µm
net338,81.96µm
net407,81.96µm
sram2048.q_bank1\[0\],81.91µm
_1902_,81.9µm
net227,81.86µm
ne_in[13],81.78µm
north_in[15],81.78µm
north_in[12],81.59µm
net216,81.53µm
se_in[17],81.27µm
net85,80.93µm
nw_in[13],80.71µm
net258,80.36µm
_0951_,80.23µm
_0114_,80.13µm
_0994_,80.13µm
net352,80.13µm
ne_in[15],80.1µm
west_in[10],80.1µm
_0566_,79.85µm
sram2048.bank_sel_q,79.72µm
south_out[10],79.64µm
south_out[32],79.59µm
_0053_,79.57µm
net815,79.1µm
net167,79.06µm
east_out[9],78.98µm
net418,78.5µm
north_in[14],78.47µm
router_inst.inject_flit\[1\],77.86µm
north_in[16],77.86µm
south_out[33],77.86µm
_1510_,77.83µm
south_out[6],77.39µm
south_in[9],77.35µm
west_in[12],77.35µm
net74,77.33µm
east_in[12],77.3µm
ne_in[17],77.3µm
west_in[17],77.3µm
_1225_,77.28µm
sram2048.cen_bank1,77µm
core_inst.servile.cpu.decode.opcode\[0\],76.87µm
se_out[29],76.84µm
router_inst.inject_flit\[18\],76.805µm
north_in[6],76.78µm
_0080_,76.77µm
ne_in[19],76.74µm
se_out[6],76.74µm
south_out[25],76.74µm
core_inst.servile.cpu.immdec.gen_immdec_w_eq_1.imm30_25\[0\],76.72µm
core_inst.servile.cpu.immdec.gen_immdec_w_eq_1.imm11_7\[2\],76.49µm
south_in[4],76.23µm
_1872_,76.22µm
south_in[10],76.18µm
sw_in[33],76.18µm
_0988_,75.86µm
west_in[16],75.67µm
net133,75.57µm
_2173_,75.32µm
se_out[31],75.11µm
north_in[1],75.06µm
north_in[8],75.06µm
nw_in[24],75.06µm
rst,75.06µm
south_in[13],75.06µm
se_out[9],75.06µm
net150,74.93µm
east_in[21],74.55µm
east_in[8],74.5µm
east_out[16],74.5µm
east_out[20],74.5µm
se_out[22],74.5µm
south_out[20],74.5µm
_0770_,74.345µm
_1264_,74.25µm
core_inst.rf_mem_if.o_wb_rdt\[7\],74.25µm
_0644_,74.08µm
_1908_,74.01µm
east_in[13],73.99µm
south_out[1],73.99µm
_1300_,73.97µm
ne_in[1],73.94µm
nw_in[3],73.94µm
south_in[8],73.94µm
sw_in[10],73.94µm
se_out[15],73.94µm
_1290_,73.74µm
net242,73.61µm
net104,73.51µm
_2307_,73.45µm
router_inst.inject_flit\[11\],73.41µm
net269,73.41µm
south_in[16],73.38µm
sw_in[5],73.38µm
_0651_,73.18µm
_0616_,73.08µm
_1517_,73.08µm
core_inst.rf_mem_if.o_wb_rdt\[0\],73.08µm
ne_in[9],72.87µm
_0689_,72.85µm
east_out[4],72.82µm
south_out[16],72.82µm
_0090_,72.8µm
_0846_,72.8µm
net361,72.8µm
net172,72.76µm
_0180_,72.52µm
net389,72.52µm
east_in[16],72.31µm
ne_in[16],72.31µm
se_in[9],72.31µm
sw_in[16],72.31µm
core_inst.o_wb_dat\[4\],72.29µm
east_in[20],72.26µm
north_in[21],72.26µm
net290,72.1µm
_0906_,71.99µm
_0691_,71.96µm
ne_in[10],71.8µm
east_out[15],71.8µm
_0565_,71.78µm
core_inst.servile.cpu.bufreg2.i_bytecnt\[1\],71.78µm
net411,71.73µm
east_in[9],71.7µm
se_in[14],71.7µm
south_out[31],71.7µm
_1520_,71.68µm
net380,71.49µm
_1285_,71.28µm
net373,71.27µm
se_out[10],71.24µm
net103,71.22µm
sw_in[19],71.14µm
west_in[20],71.14µm
_1749_,71.03µm
_0806_,70.84µm
_0812_,70.84µm
net814,70.82µm
se_out[17],70.68µm
_1781_,70.66µm
router_inst.inject_flit\[13\],70.61µm
se_in[21],70.58µm
router_inst.inject_flit\[23\],70.455µm
_1776_,70.38µm
net92,70.38µm
net166,70.325µm
_1518_,70.32µm
sram2048.D\[7\],70.28µm
net257,70.15µm
sw_in[13],70.07µm
south_out[19],70.07µm
net394,70.05µm
net644,70.05µm
west_out[23],70.02µm
_2314_,69.98µm
_0865_,69.77µm
west_in[4],69.46µm
net228,69.12µm
_1284_,69.03µm
net370,69.03µm
north_in[20],68.9µm
south_in[21],68.9µm
se_out[20],68.9µm
net383,68.88µm
net91,68.74µm
_0845_,68.65µm
_0862_,68.6µm
core_inst.servile.cpu.immdec.gen_immdec_w_eq_1.imm24_20\[1\],68.6µm
south_in[18],68.39µm
nw_in[12],68.34µm
sw_in[6],68.34µm
nw_in[15],67.78µm
se_in[15],67.78µm
west_in[9],67.78µm
west_out[31],67.78µm
net783,67.77µm
net34,67.455µm
_0869_,67.2µm
_0569_,67.12µm
net1040,66.69µm
ne_in[0],66.66µm
_1007_,66.41µm
net214,66.41µm
east_in[4],66.1µm
south_in[1],66.1µm
west_in[6],66.1µm
net245,65.85µm
_1930_,65.825µm
core_inst.servile.rf_ram_if.rcnt\[0\],65.72µm
east_in[17],65.64µm
south_out[0],65.64µm
east_in[1],65.59µm
se_out[13],65.59µm
se_in[12],65.54µm
west_in[19],65.54µm
_0743_,65.11µm
net817,65.1µm
net82,65.08µm
net272,65.06µm
north_in[17],65.03µm
net337,65.01µm
west_in[3],64.98µm
_1775_,64.78µm
router_inst.inject_flit\[5\],64.515µm
_0982_,64.5µm
_0732_,64.45µm
south_in[17],64.42µm
west_in[13],64.42µm
_0793_,64.1µm
nw_in[19],63.91µm
nw_in[1],63.91µm
net101,63.89µm
south_out[15],63.86µm
_0077_,63.84µm
net420,63.84µm
net791,63.765µm
_1778_,63.71µm
east_in[5],63.7µm
_1311_,63.66µm
_1759_,63.355µm
east_in[3],63.35µm
north_in[3],63.35µm
net71,63.1µm
_0894_,62.92µm
north_in[18],62.74µm
sw_in[18],62.74µm
east_out[22],62.74µm
_0622_,62.54µm
_0830_,62.49µm
_1893_,62.49µm
_0779_,62.26µm
se_in[19],62.23µm
se_in[1],62.23µm
se_in[24],62.23µm
se_in[18],62.18µm
_0087_,62.16µm
net372,62.16µm
_0550_,62.145µm
_0824_,61.93µm
_1221_,61.675µm
north_in[4],61.67µm
se_out[1],61.67µm
net33,61.65µm
sw_in[26],61.62µm
west_in[26],61.62µm
east_out[14],61.62µm
east_out[6],61.62µm
net423,61.6µm
_1218_,61.37µm
_1239_,61.37µm
_2172_,61.37µm
_0802_,61.32µm
core_inst.servile.cpu.decode.op26,61.19µm
ne_in[24],61.16µm
se_in[6],61.16µm
ne_in[22],61.11µm
sw_in[3],61.11µm
south_out[26],61.11µm
_0696_,61.09µm
_2234_,61.09µm
south_in[24],61.06µm
south_out[14],61.06µm
_1512_,61.04µm
_0961_,61.02µm
_0962_,60.885µm
_0571_,60.76µm
_2015_,60.7µm
net231,60.63µm
_1279_,60.58µm
net221,60.58µm
ne_in[14],60.55µm
east_in[18],60.5µm
sw_in[24],60.5µm
net1039,60.48µm
_0523_,60.34µm
core_inst.servile.cpu.immdec.gen_immdec_w_eq_1.imm11_7\[3\],60.295µm
west_in[14],60.27µm
_1814_,60.25µm
_1260_,60.2µm
net273,60.145µm
net639,60.07µm
north_in[22],60.04µm
nw_in[22],59.99µm
south_out[21],59.99µm
core_inst.o_wb_adr\[6\],59.97µm
net323,59.97µm
north_in[24],59.94µm
south_in[22],59.94µm
sw_in[14],59.94µm
west_in[15],59.94µm
_2181_,59.69µm
router_inst.inject_flit\[17\],59.69µm
_1509_,59.64µm
net343,59.64µm
core_inst.rf_mem_if.o_wb_rdt\[15\],59.6µm
_0723_,59.56µm
_2007_,59.53µm
se_in[13],59.43µm
_0056_,59.36µm
net369,59.36µm
net403,59.36µm
core_inst.o_wb_dat\[28\],59.13µm
_1286_,59.08µm
_1881_,58.945µm
net194,58.895µm
east_in[22],58.82µm
ne_in[12],58.82µm
sw_in[22],58.82µm
net849,58.66µm
_0800_,58.57µm
_2192_,58.39µm
east_out[18],58.36µm
east_out[24],58.36µm
south_out[18],58.31µm
south_out[24],58.31µm
core_inst.o_wb_adr\[30\],58.29µm
north_in[19],58.26µm
south_in[3],58.26µm
net57,57.83µm
west_in[22],57.75µm
east_out[26],57.75µm
net362,57.73µm
south_in[20],57.7µm
net355,57.68µm
core_inst.o_wb_adr\[7\],57.55µm
core_inst.o_wb_dat\[1\],57.5µm
_1248_,57.45µm
core_inst.servile.cpu.immdec.gen_immdec_w_eq_1.imm11_7\[4\],57.36µm
se_out[12],57.19µm
se_out[25],57.19µm
net365,57.12µm
net377,57.12µm
_1288_,56.94µm
_2142_,56.84µm
_1835_,56.71µm
net83,56.695µm
_0895_,56.66µm
core_inst.o_wb_we,56.56µm
net790,56.18µm
east_out[19],56.12µm
_1839_,56.09µm
east_in[15],56.07µm
nw_in[20],56.07µm
net413,56.05µm
_1524_,55.82µm
net909,55.79µm
core_inst.o_wb_dat\[7\],55.765µm
_1551_,55.635µm
south_in[15],55.56µm
se_in[26],55.46µm
south_in[12],55.46µm
se_out[24],55.46µm
core_inst.rf_mem_if.o_wb_rdt\[1\],55.16µm
core_inst.o_wb_adr\[21\],55.015µm
se_out[33],54.95µm
se_in[32],54.9µm
_2079_,54.89µm
_1540_,54.57µm
_0548_,54.52µm
nw_in[6],54.39µm
_0995_,54.37µm
core_inst.o_wb_adr\[5\],54.37µm
_0773_,54.365µm
_2304_,54.04µm
core_inst.o_wb_adr\[15\],54.04µm
core_inst.servile.arbiter.i_wb_cpu_ibus_adr\[2\],53.98µm
_1003_,53.91µm
south_in[6],53.83µm
se_out[27],53.78µm
net419,53.71µm
sram2048.cen_bank0,53.63µm
net50,53.58µm
_0944_,53.48µm
_1923_,53.42µm
ne_in[26],53.27µm
net923,53.22µm
north_in[26],53.22µm
sw_in[20],53.22µm
net180,53.2µm
net397,53.2µm
_0084_,52.69µm
net360,52.69µm
net881,52.66µm
_1790_,52.46µm
_0628_,52.41µm
_0711_,52.36µm
_2233_,52.36µm
net379,52.23µm
net289,52.13µm
se_in[33],52.1µm
south_out[7],52.1µm
_0519_,52µm
_1527_,51.9µm
net288,51.62µm
net1041,51.62µm
net914,51.54µm
south_in[14],51.54µm
se_out[7],51.54µm
_0113_,51.52µm
_1291_,51.29µm
_1000_,51.24µm
_1895_,51.195µm
net893,51.15µm
net250,51.06µm
sw_in[32],51.03µm
east_out[7],51.03µm
net926,50.98µm
nw_in[18],50.98µm
se_in[29],50.98µm
west_in[27],50.98µm
east_out[25],50.98µm
east_out[30],50.98µm
south_out[2],50.98µm
_0118_,50.96µm
router_inst.inject_flit\[0\],50.905µm
_0547_,50.68µm
_1235_,50.68µm
net911,50.59µm
_0913_,50.55µm
sw_in[31],50.42µm
east_out[13],50.42µm
south_out[28],50.42µm
net158,50.38µm
_0524_,50.17µm
_0520_,50.115µm
west_in[30],49.96µm
_0954_,49.94µm
_0581_,49.89µm
sw_in[0],49.86µm
sw_in[12],49.86µm
west_in[28],49.86µm
_0116_,49.84µm
core_inst.o_wb_dat\[14\],49.84µm
west_out[22],49.8µm
net871,49.75µm
sw_in[30],49.4µm
sw_in[25],49.35µm
net205,49.33µm
net825,49.3µm
north_in[0],49.3µm
south_in[28],49.3µm
east_out[33],49.3µm
_1559_,49.28µm
_2360_,49.275µm
net910,49.14µm
se_out[28],48.84µm
net353,48.82µm
_0960_,48.815µm
east_out[28],48.79µm
_0521_,48.77µm
_1815_,48.77µm
east_in[28],48.74µm
north_in[7],48.74µm
west_in[2],48.74µm
west_in[31],48.74µm
net105,48.73µm
net870,48.58µm
south_out[12],48.58µm
_2195_,48.49µm
se_in[20],48.23µm
_1765_,48.21µm
core_inst.o_wb_adr\[24\],48.21µm
east_in[7],48.18µm
south_in[2],48.18µm
south_in[7],48.18µm
se_out[30],48.18µm
net328,48.16µm
core_inst.o_wb_adr\[4\],48.125µm
core_inst.servile.arbiter.i_wb_cpu_ibus_adr\[6\],48.055µm
_0957_,47.98µm
_2359_,47.965µm
_1944_,47.93µm
net345,47.75µm
ne_in[25],47.72µm
south_in[27],47.72µm
sw_in[29],47.67µm
east_in[27],47.62µm
east_in[2],47.62µm
ne_in[20],47.62µm
north_in[28],47.62µm
_0852_,47.6µm
_0528_,47.52µm
net90,47.405µm
net931,47.18µm
ne_in[6],47.11µm
nw_in[26],47.11µm
se_out[26],47.11µm
south_out[13],47.11µm
_2129_,47.1µm
west_in[32],47.06µm
_0881_,46.81µm
net837,46.78µm
net935,46.67µm
_0728_,46.63µm
core_inst.servile.cpu.bufreg.i_right_shift_op,46.63µm
core_inst.servile.rf_ram_if.rcnt\[2\],46.63µm
net854,46.62µm
nw_in[0],46.6µm
north_in[27],46.5µm
se_in[0],46.5µm
west_in[7],46.5µm
east_out[29],46.5µm
_1841_,46.275µm
net197,46.245µm
router_inst.fifo_mem\[2\]\[17\],46.145µm
net856,46.11µm
_0645_,45.98µm
core_inst.servile.arbiter.i_wb_cpu_ibus_adr\[7\],45.98µm
_0776_,45.97µm
_1273_,45.97µm
north_in[2],45.94µm
se_in[30],45.94µm
west_in[33],45.94µm
net220,45.88µm
_1272_,45.79µm
_0646_,45.675µm
_1766_,45.64µm
_2235_,45.64µm
net920,45.5µm
_1386_,45.36µm
_1252_,45.13µm
_1295_,45.08µm
_1526_,45.08µm
_0518_,45.075µm
_0889_,44.94µm
_1853_,44.85µm
net459,44.85µm
_0031_,44.8µm
net436,44.8µm
net831,44.66µm
net955,44.66µm
router_inst.inject_flit\[19\],44.655µm
core_inst.o_wb_dat\[19\],44.425µm
net38,44.38µm
net899,44.38µm
south_out[27],44.36µm
_1530_,44.34µm
net79,44.34µm
core_inst.servile.arbiter.i_wb_cpu_ibus_adr\[4\],44.25µm
core_inst.servile.rf_ram_if.rgnt,44.24µm
net448,44.24µm
_1535_,44.16µm
_0857_,44.15µm
net139,44.04µm
_2112_,44.01µm
east_in[19],43.7µm
east_in[6],43.7µm
ne_in[30],43.7µm
net956,43.54µm
net170,43.345µm
net816,43.32µm
_0555_,43.27µm
net206,43.27µm
net887,43.26µm
_0726_,43.22µm
north_in[32],43.19µm
net851,43.14µm
south_in[26],43.14µm
net947,42.86µm
_0897_,42.75µm
core_inst.servile.arbiter.i_wb_cpu_ibus_adr\[8\],42.655µm
net32,42.61µm
net351,42.56µm
net412,42.56µm
net309,42.56µm
_0855_,42.28µm
core_inst.servile.cpu.state.cnt_r\[2\],42.2µm
clk_regs,42.135µm
router_inst.inject_flit\[28\],42.125µm
net332,42.1µm
net211,42.1µm
_0694_,42.05µm
core_inst.o_wb_adr\[22\],42.05µm
core_inst.servile.cpu.immdec.gen_immdec_w_eq_1.imm31,42.05µm
west_in[29],42.02µm
_0959_,42µm
core_inst.o_wb_adr\[29\],42µm
west_out[29],41.86µm
_0062_,41.82µm
net204,41.82µm
core_inst.rf_mem_if.i_raddr\[0\],41.62µm
_0868_,41.49µm
_1030_,41.49µm
net886,41.46µm
east_in[26],41.46µm
ne_in[31],41.46µm
se_out[32],41.46µm
_1848_,41.44µm
_0611_,41.21µm
net934,41.02µm
ne_in[27],41µm
nw_in[2],41µm
_1172_,40.925µm
ne_in[32],40.9µm
ne_in[33],40.9µm
ne_in[7],40.9µm
core_inst.servile.cpu.immdec.gen_immdec_w_eq_1.imm24_20\[3\],40.88µm
core_inst.o_wb_adr\[8\],40.505µm
_0854_,40.37µm
core_inst.o_wb_adr\[14\],40.37µm
router_inst.fifo_mem\[3\]\[19\],40.37µm
net274,40.37µm
ne_in[2],40.34µm
nw_in[27],40.34µm
sw_in[2],40.34µm
west_in[0],40.34µm
_1555_,40.32µm
net432,40.32µm
_1249_,40.28µm
_0975_,40.24µm
east_out[5],40.23µm
net857,40.18µm
_0597_,40.09µm
_1852_,40.04µm
router_inst.fifo_mem\[2\]\[15\],39.935µm
net891,39.9µm
ne_in[29],39.83µm
_1073_,39.81µm
nw_in[7],39.78µm
se_in[7],39.78µm
net171,39.76µm
net458,39.76µm
net588,39.72µm
_0381_,39.67µm
_0912_,39.66µm
net125,39.655µm
north_in[5],39.62µm
_1215_,39.53µm
net94,39.505µm
core_inst.o_wb_adr\[9\],39.35µm
_1314_,39.3µm
core_inst.servile.rf_ram_if.wdata1_r\[1\],39.3µm
core_inst.servile.rf_ram_if.wdata0_r\[2\],39.25µm
ne_in[28],39.22µm
se_in[2],39.22µm
se_in[31],39.22µm
_1635_,39.2µm
_1849_,39.2µm
net253,39.2µm
_1740_,38.92µm
_2083_,38.92µm
core_inst.o_wb_dat\[15\],38.865µm
_1002_,38.69µm
net925,38.66µm
east_in[0],38.66µm
nw_in[28],38.66µm
se_in[27],38.66µm
south_in[0],38.66µm
sw_in[27],38.66µm
east_out[0],38.66µm
_1757_,38.64µm
net417,38.64µm
net256,38.64µm
net1033,38.64µm
dft_wdata[6],38.5µm
_0652_,38.41µm
net310,38.41µm
router_inst.inject_flit\[4\],38.385µm
_1254_,38.36µm
router_inst.fifo_mem\[2\]\[25\],38.305µm
net882,38.22µm
_0687_,38.18µm
net443,38.13µm
net883,38.1µm
north_in[25],38.1µm
nw_in[32],38.1µm
net852,37.94µm
net866,37.94µm
net946,37.94µm
south_out[17],37.94µm
_1261_,37.855µm
_1844_,37.85µm
se_in[28],37.82µm
_1031_,37.8µm
_1223_,37.8µm
_1271_,37.8µm
_0013_,37.71µm
_1505_,37.66µm
east_in[23],37.66µm
_1786_,37.58µm
core_inst.o_wb_adr\[17\],37.575µm
_1214_,37.57µm
_2177_,37.57µm
nw_in[29],37.54µm
nw_in[31],37.54µm
net398,37.52µm
_1240_,37.47µm
dft_addr[5],37.45µm
north_in[31],37.3µm
net949,37.26µm
_1119_,37.24µm
router_inst.inject_flit\[12\],37.06µm
core_inst.servile.cpu.gen_csr.csr.mstatus_mie,37.03µm
_0516_,37.01µm
core_inst.servile.cpu.state.cnt_r\[1\],37.01µm
net384,37.01µm
net414,37.01µm
core_inst.servile.rf_ram_if.wdata1_r\[5\],36.96µm
net350,36.96µm
net437,36.96µm
_0665_,36.88µm
boot_data[3],36.82µm
se_out[5],36.82µm
_1833_,36.68µm
net936,36.47µm
_0615_,36.45µm
core_inst.o_wb_adr\[20\],36.45µm
nb_state\[1\],36.45µm
net392,36.45µm
net950,36.42µm
_2240_,36.4µm
net433,36.4µm
core_inst.servile.arbiter.i_wb_cpu_ibus_adr\[11\],36.395µm
_0829_,36.36µm
net876,36.26µm
_2047_,36.17µm
_1795_,36.12µm
_0966_,36.085µm
_0805_,35.98µm
_2324_,35.98µm
net320,35.89µm
net441,35.89µm
_0047_,35.84µm
east_out[12],35.75µm
west_out[5],35.7µm
core_inst.servile.arbiter.i_wb_cpu_ibus_adr\[3\],35.595µm
net918,35.58µm
_0927_,35.56µm
_0965_,35.56µm
_1092_,35.56µm
_1096_,35.56µm
core_inst.servile.cpu.gen_csr.csr.mcause3_0\[0\],35.56µm
core_inst.o_wb_adr\[28\],35.43µm
net354,35.33µm
nw_in[25],35.3µm
nw_in[33],35.3µm
east_out[27],35.3µm
net348,35.28µm
router_inst.fifo_mem\[3\]\[24\],35.28µm
net375,35.28µm
dft_wdata[5],35.14µm
nw_in[8],35.14µm
_0567_,35.09µm
_1840_,35.04µm
_1560_,35µm
_1153_,34.895µm
_0914_,34.82µm
_1552_,34.77µm
se_out[2],34.74µm
_0076_,34.72µm
_0091_,34.72µm
core_inst.o_wb_adr\[19\],34.72µm
net27,34.72µm
net265,34.72µm
_1577_,34.71µm
router_inst.fifo_mem\[1\]\[14\],34.63µm
boot_addr[4],34.58µm
_0549_,34.54µm
_1742_,34.49µm
core_inst.servile.cpu.immdec.gen_immdec_w_eq_1.imm24_20\[2\],34.49µm
router_inst.fifo_mem\[2\]\[12\],34.49µm
sram2048.D\[5\],34.49µm
router_inst.fifo_mem\[2\]\[8\],34.485µm
_1193_,34.44µm
_1004_,34.31µm
core_inst.o_wb_adr\[23\],34.26µm
net430,34.21µm
net438,34.21µm
net452,34.21µm
_0838_,34.16µm
core_inst.o_wb_adr\[18\],34.16µm
se_in[11],34.02µm
_1794_,33.98µm
_0023_,33.88µm
_1417_,33.88µm
_1477_,33.88µm
router_inst.inject_flit\[8\],33.78µm
core_inst.servile.cpu.mem_if.signbit,33.7µm
router_inst.fifo_wr_ptr\[1\],33.7µm
_0458_,33.69µm
core_inst.o_wb_adr\[11\],33.65µm
east_in[31],33.62µm
east_in[32],33.62µm
_0125_,33.6µm
_1836_,33.6µm
router_inst.fifo_rd_ptr\[0\],33.6µm
_0823_,33.56µm
core_inst.servile.arbiter.i_wb_cpu_ibus_adr\[24\],33.495µm
west_out[4],33.46µm
_0556_,33.37µm
_1767_,33.37µm
_1811_,33.37µm
_0997_,33.32µm
_1496_,33.32µm
_2291_,33.32µm
router_inst.fifo_mem\[0\]\[11\],33.32µm
core_inst.servile.arbiter.i_wb_cpu_ibus_adr\[14\],33.275µm
_1687_,33.19µm
core_inst.servile.cpu.immdec.gen_immdec_w_eq_1.imm24_20\[4\],33.14µm
south_in[25],33.11µm
_0560_,33.09µm
router_inst.fifo_mem\[3\]\[13\],33.09µm
_0669_,33.04µm
net330,33.04µm
net335,33.04µm
net276,33.04µm
boot_addr[9],32.9µm
boot_data[5],32.9µm
dft_addr[9],32.9µm
nw_in[23],32.9µm
_1382_,32.86µm
core_inst.o_wb_adr\[13\],32.86µm
core_inst.o_wb_adr\[26\],32.86µm
_1277_,32.81µm
net840,32.78µm
_0082_,32.76µm
_1870_,32.76µm
router_inst.fifo_mem\[2\]\[24\],32.705µm
_0326_,32.57µm
net399,32.53µm
south_in[30],32.5µm
east_out[2],32.5µm
router_inst.fifo_mem\[3\]\[15\],32.48µm
net263,32.48µm
net1017,32.48µm
_0817_,32.44µm
dft_wdata[7],32.39µm
se_in[23],32.34µm
_1010_,32.2µm
_1325_,32.2µm
_1954_,32.2µm
_0585_,32.06µm
core_inst.servile.arbiter.i_wb_cpu_ibus_adr\[18\],32.06µm
net894,32.06µm
router_inst.fifo_mem\[0\]\[23\],32.06µm
net400,32.02µm
_0123_,31.97µm
core_inst.o_wb_adr\[27\],31.97µm
_0039_,31.92µm
net321,31.92µm
net401,31.92µm
_0590_,31.88µm
_1247_,31.88µm
boot_addr[3],31.78µm
dft_addr[4],31.78µm
ne_in[23],31.78µm
nw_in[11],31.78µm
_0552_,31.69µm
_0634_,31.69µm
_1217_,31.69µm
_2310_,31.69µm
router_inst.fifo_mem\[1\]\[1\],31.69µm
_0454_,31.64µm
_0575_,31.64µm
_0600_,31.64µm
core_inst.o_wb_adr\[25\],31.605µm
router_inst.fifo_mem\[1\]\[0\],31.55µm
router_inst.fifo_mem\[1\]\[3\],31.55µm
_1792_,31.46µm
core_inst.o_wb_adr\[3\],31.46µm
core_inst.servile.rf_ram_if.wdata0_r\[5\],31.46µm
router_inst.inject_flit\[2\],31.46µm
south_in[32],31.43µm
_0626_,31.41µm
net371,31.41µm
east_in[33],31.38µm
north_in[30],31.38µm
north_in[33],31.38µm
south_in[31],31.38µm
_1275_,31.375µm
router_inst.fifo_mem\[1\]\[15\],31.36µm
router_inst.fifo_wr_ptr\[0\],31.36µm
net374,31.36µm
ne_in[11],31.27µm
boot_data[7],31.22µm
dft_wdata[3],31.22µm
_0630_,31.13µm
_1609_,31.13µm
core_inst.servile.arbiter.i_wb_cpu_ibus_adr\[23\],31.115µm
_0511_,31.08µm
_0950_,31.08µm
router_inst.fifo_count\[0\],31.08µm
net428,30.9µm
_0526_,30.85µm
_0946_,30.85µm
_0948_,30.85µm
router_inst.fifo_mem\[3\]\[17\],30.85µm
east_in[25],30.82µm
_0715_,30.8µm
_1562_,30.8µm
core_inst.servile.rf_ram_if.rdata0\[4\],30.8µm
boot_addr[5],30.71µm
south_in[5],30.66µm
_1396_,30.65µm
_0608_,30.52µm
_1306_,30.52µm
_1758_,30.52µm
net40,30.43µm
net450,30.34µm
south_in[29],30.31µm
_0858_,30.29µm
_1533_,30.29µm
_0638_,30.28µm
_0604_,30.24µm
core_inst.servile.cpu.ctrl.pc_plus_offset_cy_r_w\[0\],30.24µm
net339,30.24µm
boot_addr[7],30.1µm
se_in[8],30.1µm
south_in[11],30.1µm
router_inst.fifo_mem\[2\]\[3\],30.09µm
_0987_,30.01µm
net23,30.01µm
_0879_,29.96µm
router_inst.fifo_mem\[0\]\[3\],29.96µm
_0835_,29.73µm
net897,29.7µm
nw_in[30],29.7µm
_2060_,29.68µm
_2323_,29.645µm
dft_addr[6],29.54µm
west_in[11],29.54µm
west_out[25],29.54µm
router_inst.fifo_mem\[0\]\[5\],29.5µm
net842,29.42µm
_1075_,29.4µm
_1813_,29.4µm
router_inst.fifo_mem\[2\]\[6\],29.345µm
core_inst.servile.rf_ram_if.wdata1_r\[3\],29.22µm
_0755_,29.21µm
_0940_,29.17µm
_1834_,29.17µm
net327,29.17µm
net108,29.17µm
router_inst.cpu_read_q,29.17µm
router_inst.fifo_mem\[3\]\[10\],29.17µm
net1048,29.17µm
east_in[30],29.14µm
north_in[29],29.14µm
south_in[33],29.14µm
sw_in[7],29.14µm
_0918_,29.12µm
_2120_,29.12µm
net340,29.12µm
core_inst.rf_mem_if.o_wb_rdt\[31\],29.07µm
net826,28.98µm
net872,28.98µm
net902,28.98µm
dft_wdata[2],28.98µm
south_out[11],28.98µm
west_out[16],28.98µm
west_out[6],28.98µm
router_inst.fifo_mem\[0\]\[8\],28.89µm
_0024_,28.84µm
_0517_,28.84µm
_1847_,28.84µm
core_inst.servile.rf_ram_if.wen0_r,28.8µm
net102,28.71µm
_0766_,28.65µm
_0811_,28.62µm
_1042_,28.61µm
_2224_,28.61µm
core_inst.o_wb_adr\[16\],28.61µm
_2138_,28.56µm
net409,28.56µm
net422,28.56µm
router_inst.fifo_mem\[1\]\[13\],28.55µm
core_inst.servile.arbiter.i_wb_cpu_ibus_adr\[9\],28.42µm
east_in[11],28.42µm
north_in[11],28.42µm
_1569_,28.33µm
_1939_,28.28µm
router_inst.fifo_mem\[2\]\[21\],28.28µm
router_inst.fifo_mem\[2\]\[23\],28.175µm
core_inst.servile.arbiter.i_wb_cpu_ibus_adr\[5\],28.14µm
_0534_,28.05µm
_0561_,28.05µm
_0636_,28.05µm
router_inst.fifo_mem\[3\]\[3\],28.05µm
sw_in[28],28.02µm
_0859_,28µm
_0942_,28µm
core_inst.servile.cpu.immdec.gen_immdec_w_eq_1.imm30_25\[5\],28µm
router_inst.fifo_mem\[1\]\[19\],28µm
net868,27.86µm
boot_data[6],27.86µm
sw_in[11],27.86µm
sw_in[8],27.86µm
_0598_,27.82µm
_0851_,27.82µm
_2371_,27.82µm
_0225_,27.77µm
_0996_,27.77µm
_1480_,27.765µm
_1232_,27.72µm
_1444_,27.72µm
_1774_,27.72µm
_1610_,27.71µm
router_inst.fifo_mem\[1\]\[17\],27.63µm
_2139_,27.59µm
_0012_,27.58µm
_0584_,27.53µm
_0553_,27.49µm
core_inst.o_wb_adr\[12\],27.49µm
core_inst.servile.rf_ram_if.wdata0_r\[7\],27.49µm
core_inst.servile.rf_ram_if.wdata1_r\[6\],27.49µm
router_inst.fifo_mem\[2\]\[18\],27.49µm
_1641_,27.48µm
west_in[25],27.46µm
_1748_,27.44µm
net324,27.44µm
net406,27.44µm
router_inst.fifo_mem\[0\]\[17\],27.4µm
dft_addr[10],27.35µm
boot_addr[10],27.3µm
_0905_,27.26µm
_0661_,27.21µm
_0736_,27.16µm
_1251_,27.16µm
core_inst.servile.arbiter.i_wb_cpu_ibus_adr\[21\],27.1µm
net42,27.07µm
_1523_,27.03µm
net873,27.02µm
net929,27.02µm
_0601_,26.99µm
east_in[29],26.95µm
_1521_,26.93µm
_1529_,26.93µm
_2315_,26.93µm
net7,26.93µm
net1052,26.93µm
_2062_,26.88µm
core_inst.servile.rf_ram_if.wdata1_r\[4\],26.88µm
router_inst.fifo_mem\[3\]\[5\],26.88µm
router_inst.inject_flit\[25\],26.88µm
_1037_,26.79µm
ne_in[8],26.79µm
sw_in[23],26.79µm
_1353_,26.75µm
net846,26.74µm
net932,26.74µm
router_inst.fifo_mem\[2\]\[10\],26.73µm
_0522_,26.7µm
_0899_,26.7µm
_0443_,26.65µm
_0675_,26.6µm
_1098_,26.6µm
_1845_,26.6µm
_1946_,26.6µm
core_inst.servile.arbiter.i_wb_cpu_ibus_adr\[1\],26.575µm
_2150_,26.515µm
net15,26.42µm
net986,26.32µm
_0656_,26.24µm
_0955_,26.24µm
_2094_,26.23µm
_0657_,26.22µm
dft_addr[8],26.18µm
se_in[5],26.18µm
net176,26.16µm
_1287_,26.14µm
_1403_,26.09µm
_1482_,26.09µm
router_inst.fifo_mem\[0\]\[6\],26.05µm
_0100_,26.04µm
_0440_,26.04µm
_1020_,26.04µm
_1664_,26.04µm
router_inst.fifo_mem\[0\]\[12\],26µm
router_inst.fifo_mem\[2\]\[9\],25.985µm
net859,25.95µm
_0984_,25.86µm
se_in[25],25.83µm
_1259_,25.81µm
core_inst.servile.cpu.immdec.gen_immdec_w_eq_1.imm30_25\[2\],25.81µm
_1642_,25.76µm
core_inst.servile.rf_ram_if.rtrig1,25.76µm
core_inst.servile.arbiter.i_wb_cpu_ibus_adr\[25\],25.705µm
_2293_,25.63µm
dft_addr[3],25.62µm
router_inst.fifo_mem\[2\]\[26\],25.61µm
_0976_,25.59µm
_1747_,25.58µm
_1823_,25.58µm
_2202_,25.555µm
net917,25.55µm
_0227_,25.53µm
_0269_,25.53µm
_0295_,25.53µm
_2229_,25.53µm
net987,25.48µm
_2012_,25.48µm
router_inst.fifo_mem\[2\]\[19\],25.48µm
router_inst.fifo_mem\[2\]\[5\],25.48µm
router_inst.fifo_mem\[2\]\[1\],25.425µm
core_inst.servile.cpu.state.ibus_cyc,25.4µm
net945,25.34µm
boot_addr[8],25.34µm
_0086_,25.25µm
_0558_,25.25µm
_1116_,25.25µm
_0986_,25.2µm
core_inst.servile.cpu.ctrl.pc_plus_4_cy_r_w\[0\],25.2µm
core_inst.servile.arbiter.i_wb_cpu_ibus_adr\[12\],25.145µm
nw_in[5],25.06µm
router_inst.fifo_mem\[2\]\[20\],25.02µm
router_inst.fifo_mem\[2\]\[2\],25µm
_2069_,24.98µm
_2032_,24.97µm
_0297_,24.92µm
_0901_,24.92µm
_1006_,24.92µm
_2059_,24.92µm
router_inst.fifo_mem\[0\]\[20\],24.88µm
_2070_,24.83µm
_1539_,24.74µm
net341,24.74µm
_0042_,24.69µm
_1760_,24.69µm
router_inst.fifo_mem\[3\]\[25\],24.69µm
router_inst.fifo_mem\[3\]\[8\],24.69µm
net363,24.69µm
net980,24.64µm
router_inst.fifo_mem\[3\]\[0\],24.64µm
_1474_,24.55µm
net874,24.5µm
north_in[23],24.5µm
_0063_,24.46µm
_0860_,24.46µm
_1546_,24.41µm
_2219_,24.41µm
core_inst.servile.cpu.decode.op22,24.375µm
_1608_,24.36µm
_2220_,24.36µm
router_inst.fifo_mem\[2\]\[16\],24.305µm
net270,24.305µm
_1913_,24.27µm
router_inst.fifo_mem\[0\]\[1\],24.27µm
_1506_,24.23µm
router_inst.fifo_mem\[1\]\[9\],24.22µm
net633,24.18µm
_0324_,24.17µm
_0617_,24.155µm
_0973_,24.15µm
net346,24.13µm
_0939_,24.11µm
_0983_,24.105µm
west_out[8],24.1µm
core_inst.servile.arbiter.i_wb_cpu_ibus_adr\[20\],24.08µm
net259,24.08µm
dft_addr[2],23.94µm
dft_we,23.94µm
ne_in[5],23.94µm
south_in[23],23.94µm
_1319_,23.85µm
_1961_,23.85µm
_0818_,23.8µm
_0863_,23.8µm
_0932_,23.8µm
_1183_,23.8µm
_1720_,23.8µm
core_inst.servile.cpu.immdec.gen_immdec_w_eq_1.imm19_12_20\[3\],23.71µm
_0872_,23.67µm
router_inst.fifo_mem\[0\]\[19\],23.66µm
_0397_,23.61µm
_1789_,23.595µm
_1578_,23.57µm
_2313_,23.57µm
core_inst.servile.rf_ram_if.wdata1_r\[2\],23.57µm
core_inst.servile.rf_ram_if.wdata1_r\[7\],23.57µm
_1113_,23.565µm
net1014,23.52µm
core_inst.servile.cpu.immdec.gen_immdec_w_eq_1.imm7,23.51µm
core_inst.servile.arbiter.i_wb_cpu_ibus_adr\[27\],23.465µm
_1371_,23.385µm
west_in[5],23.38µm
dft_rdata[2],23.38µm
_0970_,23.34µm
router_inst.fifo_mem\[2\]\[11\],23.34µm
_1984_,23.315µm
_0724_,23.29µm
_1514_,23.29µm
_2158_,23.29µm
core_inst.servile.cpu.immdec.gen_immdec_w_eq_1.imm19_12_20\[0\],23.28µm
_0836_,23.24µm
_0892_,23.24µm
_1389_,23.24µm
_1782_,23.24µm
router_inst.fifo_mem\[2\]\[22\],23.185µm
_0371_,23.15µm
_0376_,23.15µm
_0377_,23.15µm
core_inst.servile.rf_ram_if.rcnt\[1\],23.11µm
_0309_,23.1µm
net31,23.1µm
net35,23.1µm
dft_addr[7],23.1µm
net281,23.06µm
_0102_,23.01µm
net963,23.01µm
_0633_,23.01µm
_1145_,23.01µm
_1184_,23.01µm
_1519_,23.01µm
router_inst.fifo_mem\[3\]\[26\],23.01µm
net456,23.01µm
_0054_,22.96µm
_1358_,22.96µm
_1393_,22.96µm
net331,22.96µm
net405,22.96µm
_0382_,22.92µm
_0380_,22.87µm
core_inst.servile.arbiter.i_wb_cpu_ibus_adr\[31\],22.87µm
_1429_,22.855µm
net907,22.82µm
_0437_,22.78µm
_1838_,22.78µm
core_inst.servile.arbiter.i_wb_cpu_ibus_adr\[15\],22.765µm
_0971_,22.73µm
_1105_,22.73µm
_2230_,22.72µm
_0101_,22.68µm
_1605_,22.68µm
_1821_,22.68µm
_1981_,22.68µm
_2118_,22.68µm
_2298_,22.68µm
_0919_,22.6µm
router_inst.fifo_mem\[1\]\[26\],22.59µm
core_inst.servile.arbiter.i_wb_cpu_ibus_adr\[26\],22.575µm
_0809_,22.54µm
_1756_,22.5µm
_0877_,22.49µm
_1572_,22.45µm
_1616_,22.45µm
_2268_,22.45µm
core_inst.servile.rf_ram_if.wen1_r,22.45µm
net993,22.4µm
net1007,22.4µm
core_inst.servile.arbiter.i_wb_cpu_ibus_adr\[10\],22.31µm
east_out[17],22.31µm
core_inst.servile.arbiter.i_wb_cpu_ibus_adr\[17\],22.295µm
net864,22.26µm
net901,22.26µm
_0286_,22.22µm
_0900_,22.22µm
_1718_,22.215µm
_1194_,22.21µm
net968,22.17µm
_0249_,22.17µm
_0662_,22.17µm
_1458_,22.17µm
_1809_,22.17µm
_1905_,22.17µm
_0599_,22.12µm
_0780_,22.12µm
_1060_,22.12µm
_1112_,22.12µm
_1138_,22.12µm
_1897_,22.12µm
_2199_,22.12µm
router_inst.fifo_mem\[0\]\[15\],22.12µm
core_inst.servile.cpu.gen_csr.csr.mcause31,22.03µm
core_inst.rf_mem_if.i_raddr\[1\],21.99µm
net890,21.98µm
router_inst.fifo_mem\[1\]\[4\],21.98µm
_0393_,21.93µm
_0761_,21.93µm
_0074_,21.89µm
_1806_,21.89µm
router_inst.fifo_mem\[3\]\[11\],21.89µm
router_inst.fifo_mem\[3\]\[22\],21.89µm
net451,21.89µm
net975,21.84µm
_0864_,21.84µm
_1513_,21.84µm
_1716_,21.84µm
core_inst.servile.rf_ram_if.rdata1\[0\],21.84µm
net912,21.7µm
south_out[5],21.7µm
south_out[8],21.7µm
_0532_,21.66µm
_0903_,21.61µm
_1330_,21.61µm
_1655_,21.61µm
_2218_,21.61µm
_2256_,21.61µm
_0073_,21.56µm
_0276_,21.56µm
_0884_,21.56µm
_1914_,21.56µm
net847,21.42µm
_2295_,21.39µm
_0850_,21.33µm
_0937_,21.33µm
core_inst.servile.rf_ram_if.wdata0_r\[1\],21.33µm
net827,21.3µm
_2213_,21.29µm
_1681_,21.28µm
_1788_,21.28µm
_2253_,21.28µm
router_inst.fifo_mem\[1\]\[20\],21.28µm
router_inst.fifo_mem\[3\]\[1\],21.28µm
router_inst.fifo_mem\[1\]\[24\],21.17µm
net888,21.14µm
west_in[23],21.14µm
east_out[8],21.14µm
_0873_,21.05µm
_1544_,21.05µm
_1721_,21.05µm
_1903_,21.05µm
_1904_,21.05µm
_1967_,21.05µm
_2074_,21.05µm
_2174_,21.05µm
_0241_,21µm
_0870_,21µm
_0953_,21µm
_1126_,21µm
_1504_,21µm
_2102_,21µm
router_inst.fifo_mem\[2\]\[27\],20.995µm
core_inst.servile.cpu.alu.cmp_r,20.87µm
net942,20.86µm
_0370_,20.81µm
_0693_,20.77µm
_1310_,20.77µm
_1332_,20.77µm
_1430_,20.77µm
core_inst.servile.rf_ram_if.wdata1_r\[8\],20.77µm
net207,20.77µm
_0057_,20.72µm
net998,20.72µm
_0949_,20.72µm
_2206_,20.72µm
_2296_,20.72µm
_2306_,20.72µm
net19,20.72µm
core_inst.servile.rf_ram_if.rreq_r,20.72µm
net415,20.72µm
net455,20.72µm
dft_addr[0],20.58µm
router_inst.fifo_mem\[0\]\[22\],20.54µm
_2254_,20.535µm
net979,20.49µm
net971,20.49µm
_0510_,20.49µm
_1200_,20.49µm
_1525_,20.49µm
_1542_,20.49µm
net995,20.44µm
_0508_,20.44µm
_0938_,20.44µm
_1963_,20.44µm
_2019_,20.44µm
_2232_,20.44µm
router_inst.fifo_mem\[1\]\[22\],20.44µm
router_inst.fifo_mem\[1\]\[23\],20.44µm
net877,20.35µm
_1196_,20.3µm
net867,20.3µm
net903,20.3µm
_0963_,20.26µm
core_inst.servile.cpu.gen_csr.csr.mstatus_mpie,20.26µm
_0751_,20.25µm
net970,20.21µm
_0515_,20.21µm
_1336_,20.21µm
net416,20.21µm
_1511_,20.16µm
net319,20.16µm
net264,20.16µm
net442,20.16µm
net1046,20.16µm
_0395_,20.12µm
_0935_,20.03µm
_2285_,20.03µm
_1187_,20.025µm
_1773_,20.025µm
net836,20.02µm
net839,20.02µm
net841,20.02µm
net843,20.02µm
net850,20.02µm
net829,20.02µm
net832,20.02µm
net905,20.02µm
net928,20.02µm
net938,20.02µm
net943,20.02µm
net944,20.02µm
net951,20.02µm
net960,20.02µm
boot_addr[6],20.02µm
west_out[0],20.02µm
core_inst.servile.arbiter.i_wb_cpu_ibus_adr\[28\],19.965µm
net982,19.93µm
_0698_,19.93µm
_1443_,19.93µm
_1709_,19.93µm
_1455_,19.92µm
_1589_,19.91µm
_0174_,19.88µm
_0218_,19.88µm
_0627_,19.88µm
_1220_,19.88µm
_1266_,19.88µm
_1583_,19.88µm
_1800_,19.88µm
_2263_,19.88µm
router_inst.fifo_mem\[0\]\[18\],19.88µm
router_inst.fifo_mem\[2\]\[13\],19.88µm
net952,19.74µm
_0991_,19.725µm
_0663_,19.66µm
_1309_,19.66µm
_2121_,19.66µm
_0078_,19.65µm
net10,19.65µm
core_inst.servile.cpu.immdec.gen_immdec_w_eq_1.imm30_25\[3\],19.65µm
_0356_,19.61µm
_0019_,19.6µm
_1024_,19.6µm
_1274_,19.6µm
_2267_,19.6µm
core_inst.servile.arbiter.i_wb_cpu_ibus_adr\[16\],19.6µm
router_inst.fifo_mem\[3\]\[12\],19.6µm
_0579_,19.51µm
_0676_,19.47µm
south_out[23],19.46µm
router_inst.fifo_mem\[2\]\[28\],19.42µm
_1452_,19.41µm
_0885_,19.37µm
_0981_,19.37µm
_1339_,19.37µm
_1545_,19.37µm
_0287_,19.32µm
_0408_,19.32µm
_0632_,19.32µm
_0670_,19.32µm
_0853_,19.32µm
_1043_,19.32µm
_1164_,19.32µm
_1256_,19.32µm
_1297_,19.32µm
_1303_,19.32µm
_1669_,19.32µm
_1956_,19.32µm
_2245_,19.32µm
router_inst.fifo_mem\[2\]\[7\],19.32µm
_2299_,19.255µm
core_inst.servile.arbiter.i_wb_cpu_ibus_adr\[19\],19.21µm
_0115_,19.19µm
router_inst.fifo_mem\[0\]\[14\],19.18µm
router_inst.fifo_mem\[1\]\[7\],19.18µm
net939,19.18µm
core_inst.servile.rf_ram_if.rdata1\[6\],19.14µm
router_inst.fifo_mem\[0\]\[16\],19.14µm
_0311_,19.13µm
_2092_,19.13µm
_2151_,19.13µm
router_inst.fifo_mem\[1\]\[11\],19.13µm
_0088_,19.09µm
_0947_,19.09µm
core_inst.rf_mem_if.bsel\[0\],19.09µm
core_inst.servile.cpu.immdec.gen_immdec_w_eq_1.imm30_25\[4\],19.09µm
net349,19.09µm
router_inst.fifo_mem\[3\]\[21\],19.09µm
net251,19.09µm
_1674_,19.08µm
_0719_,19.04µm
_0760_,19.04µm
_1663_,19.04µm
_2128_,19.04µm
_2338_,19.04µm
net5,19.04µm
router_inst.inject_flit\[33\],19.04µm
_1446_,18.955µm
_0354_,18.95µm
_1081_,18.95µm
router_inst.fifo_mem\[1\]\[28\],18.935µm
net844,18.9µm
net875,18.9µm
net865,18.9µm
net895,18.9µm
net916,18.9µm
net948,18.9µm
net953,18.9µm
dft_wdata[1],18.9µm
_2147_,18.86µm
router_inst.fifo_mem\[1\]\[5\],18.86µm
net964,18.81µm
_1068_,18.81µm
_1498_,18.81µm
_1597_,18.81µm
_1732_,18.81µm
core_inst.servile.arbiter.i_wb_cpu_ibus_adr\[30\],18.81µm
_1067_,18.76µm
_1294_,18.76µm
_1637_,18.76µm
_2052_,18.76µm
_2317_,18.76µm
_1435_,18.75µm
_0672_,18.715µm
_2322_,18.67µm
router_inst.fifo_mem\[1\]\[21\],18.67µm
net834,18.62µm
net861,18.62µm
net919,18.62µm
net921,18.62µm
router_inst.fifo_mem\[0\]\[10\],18.62µm
net941,18.62µm
net959,18.62µm
_0718_,18.58µm
_0989_,18.58µm
_2345_,18.57µm
_2332_,18.555µm
_0067_,18.53µm
net976,18.53µm
net962,18.53µm
_0673_,18.53µm
_2187_,18.53µm
_2278_,18.53µm
core_inst.servile.rf_ram_if.wdata0_r\[4\],18.53µm
net449,18.53µm
net1022,18.53µm
net999,18.48µm
_1046_,18.48µm
_1704_,18.48µm
core_inst.servile.cpu.immdec.gen_immdec_w_eq_1.imm30_25\[1\],18.48µm
net29,18.48µm
net318,18.48µm
_1192_,18.34µm
_2320_,18.34µm
net855,18.34µm
dft_wdata[0],18.34µm
_0605_,18.3µm
router_inst.fifo_mem\[0\]\[25\],18.3µm
_2334_,18.26µm
_0237_,18.25µm
_0267_,18.25µm
_1001_,18.25µm
_2124_,18.25µm
_2132_,18.25µm
_2152_,18.25µm
_0094_,18.2µm
_0215_,18.2µm
_0238_,18.2µm
_0990_,18.2µm
_1357_,18.2µm
_1812_,18.2µm
_2261_,18.2µm
router_inst.fifo_mem\[0\]\[13\],18.2µm
_0771_,18.19µm
net21,18.16µm
_0898_,18.07µm
_0807_,18.06µm
net39,18.06µm
router_inst.fifo_mem\[1\]\[2\],18.06µm
_1206_,18.055µm
router_inst.fifo_mem\[3\]\[14\],18.02µm
_2266_,18.01µm
net965,17.97µm
router_inst.fifo_mem\[3\]\[23\],17.97µm
net1027,17.97µm
south_out[30],17.94µm
net972,17.92µm
_1647_,17.92µm
net9,17.92µm
core_inst.servile.rf_ram_if.wdata0_r\[6\],17.92µm
net333,17.92µm
router_inst.fifo_mem\[0\]\[26\],17.92µm
net1045,17.92µm
_1364_,17.83µm
_1793_,17.825µm
_1342_,17.785µm
_0621_,17.78µm
net830,17.78µm
net860,17.78µm
net889,17.78µm
net927,17.78µm
dft_rdata[0],17.78µm
west_out[19],17.78µm
west_out[27],17.78µm
router_inst.fifo_mem\[0\]\[9\],17.74µm
_0952_,17.705µm
net989,17.69µm
_0251_,17.69µm
_1038_,17.69µm
_1077_,17.69µm
_1714_,17.69µm
_1816_,17.69µm
_2155_,17.69µm
_2269_,17.685µm
_0677_,17.64µm
_1155_,17.64µm
_1618_,17.505µm
net885,17.5µm
net906,17.5µm
net913,17.5µm
net896,17.5µm
net900,17.5µm
net940,17.5µm
net957,17.5µm
_2362_,17.455µm
_1328_,17.45µm
_0058_,17.41µm
_0618_,17.41µm
router_inst.fifo_mem\[1\]\[8\],17.41µm
_1420_,17.405µm
_2340_,17.4µm
_0040_,17.36µm
core_inst.rf_mem_if.regzero,17.36µm
net457,17.36µm
net1021,17.36µm
_0389_,17.32µm
_0390_,17.32µm
_2275_,17.28µm
_1574_,17.27µm
_1885_,17.23µm
core_inst.servile.arbiter.i_wb_cpu_ibus_adr\[22\],17.22µm
dft_wdata[4],17.22µm
se_out[23],17.22µm
_0998_,17.18µm
router_inst.fifo_mem\[1\]\[25\],17.18µm
west_out[13],17.14µm
west_out[20],17.14µm
_0288_,17.13µm
_1156_,17.13µm
_1301_,17.13µm
_1566_,17.13µm
_1818_,17.13µm
_1931_,17.13µm
_2039_,17.13µm
_2236_,17.13µm
_0240_,17.08µm
_0294_,17.08µm
_0607_,17.08µm
_1898_,17.08µm
_1983_,17.08µm
_2167_,17.08µm
_2189_,17.08µm
_2221_,17.08µm
_2238_,17.08µm
_2274_,17.08µm
_2337_,17.08µm
router_inst.fifo_mem\[2\]\[14\],17.08µm
_1418_,16.99µm
router_inst.fifo_mem\[0\]\[0\],16.99µm
_1058_,16.975µm
_1198_,16.975µm
router_inst.fifo_mem\[3\]\[9\],16.95µm
_0908_,16.925µm
router_inst.fifo_mem\[3\]\[7\],16.9µm
_1152_,16.89µm
_0135_,16.85µm
_0478_,16.85µm
_0866_,16.85µm
_1465_,16.85µm
_1850_,16.85µm
_2122_,16.85µm
net17,16.85µm
_0105_,16.8µm
_2171_,16.8µm
_0686_,16.72µm
core_inst.servile.arbiter.i_wb_cpu_ibus_adr\[13\],16.71µm
_1422_,16.66µm
net862,16.66µm
net915,16.66µm
net954,16.66µm
net958,16.66µm
boot_data[0],16.66µm
west_out[26],16.66µm
_0886_,16.62µm
_1165_,16.61µm
_0264_,16.57µm
_0266_,16.57µm
_0512_,16.57µm
_0619_,16.57µm
_0958_,16.57µm
_1892_,16.57µm
_1724_,16.565µm
_0223_,16.52µm
_0291_,16.52µm
_0442_,16.52µm
_1334_,16.52µm
_1438_,16.52µm
_1656_,16.52µm
_1925_,16.52µm
_2038_,16.52µm
_2135_,16.52µm
_2175_,16.52µm
_2185_,16.52µm
_2201_,16.52µm
_2246_,16.52µm
_2184_,16.48µm
router_inst.fifo_mem\[2\]\[0\],16.465µm
_0700_,16.43µm
net853,16.43µm
net884,16.43µm
net924,16.43µm
router_inst.fifo_mem\[0\]\[4\],16.43µm
_0459_,16.38µm
net828,16.38µm
net835,16.38µm
net878,16.38µm
net898,16.38µm
router_inst.fifo_mem\[0\]\[24\],16.38µm
net937,16.38µm
_2064_,16.35µm
_1234_,16.34µm
_1350_,16.34µm
_2325_,16.34µm
core_inst.servile.rf_ram_if.rdata0\[3\],16.34µm
router_inst.fifo_mem\[0\]\[2\],16.34µm
_0319_,16.33µm
_0461_,16.33µm
core_inst.servile.arbiter.i_wb_cpu_ibus_adr\[29\],16.31µm
_1573_,16.29µm
core_inst.servile.rf_ram_if.rdata0\[7\],16.29µm
router_inst.fifo_count\[1\],16.29µm
router_inst.fifo_mem\[3\]\[20\],16.29µm
net1043,16.29µm
_1127_,16.285µm
_0933_,16.24µm
_1149_,16.24µm
_1373_,16.24µm
_1631_,16.24µm
_1825_,16.24µm
net434,16.24µm
_1231_,16.15µm
west_out[10],16.15µm
west_out[30],16.15µm
_1169_,16.1µm
boot_data[1],16.1µm
dft_rdata[4],16.1µm
_0666_,16.02µm
_0234_,16.01µm
_0391_,16.01µm
_1409_,16.01µm
_1745_,16.01µm
_2090_,16.01µm
_2125_,16.01µm
_0250_,15.96µm
_0255_,15.96µm
_0281_,15.96µm
_0777_,15.96µm
_0833_,15.96µm
_0925_,15.96µm
_1102_,15.96µm
_1146_,15.96µm
_1186_,15.96µm
_1233_,15.96µm
_1270_,15.96µm
_1305_,15.96µm
_1343_,15.96µm
_1648_,15.96µm
_1820_,15.96µm
_1832_,15.96µm
_1879_,15.96µm
_1969_,15.96µm
_2205_,15.96µm
_1665_,15.95µm
_1999_,15.87µm
_1547_,15.86µm
_0594_,15.82µm
_2043_,15.82µm
_1725_,15.78µm
_0312_,15.77µm
_0050_,15.73µm
_0055_,15.73µm
_0079_,15.73µm
_0504_,15.73µm
_2148_,15.73µm
core_inst.servile.rf_ram_if.rdata1\[4\],15.73µm
net453,15.73µm
west_out[28],15.7µm
west_out[33],15.7µm
west_out[9],15.7µm
net981,15.68µm
_0588_,15.68µm
_0620_,15.68µm
_1697_,15.68µm
net6,15.68µm
_0388_,15.64µm
_1752_,15.64µm
_0495_,15.59µm
se_out[8],15.59µm
_1118_,15.54µm
net838,15.54µm
net833,15.54µm
net904,15.54µm
net908,15.54µm
net933,15.54µm
east_out[23],15.54µm
_0506_,15.5µm
_0623_,15.46µm
_0109_,15.45µm
_0242_,15.45µm
_0244_,15.45µm
_1133_,15.45µm
_2061_,15.45µm
_2141_,15.45µm
_0880_,15.4µm
_0902_,15.4µm
_1015_,15.4µm
_1451_,15.4µm
_2055_,15.4µm
_2169_,15.4µm
_2297_,15.4µm
router_inst.fifo_mem\[0\]\[21\],15.4µm
router_inst.fifo_mem\[3\]\[4\],15.4µm
_1985_,15.315µm
router_inst.fifo_mem\[0\]\[28\],15.31µm
router_inst.fifo_mem\[1\]\[10\],15.31µm
_0631_,15.3µm
_1998_,15.27µm
_1580_,15.265µm
_2068_,15.26µm
net922,15.26µm
_0175_,15.22µm
_0741_,15.22µm
_0061_,15.17µm
_0129_,15.17µm
net984,15.17µm
_0530_,15.17µm
core_inst.servile.cpu.decode.opcode\[2\],15.17µm
_0841_,15.135µm
_1101_,15.13µm
_0043_,15.12µm
_0072_,15.12µm
_1436_,15.12µm
_1777_,15.12µm
_2367_,15.12µm
net25,15.12µm
router_inst.fifo_mem\[3\]\[16\],15.12µm
router_inst.fifo_mem\[3\]\[6\],15.12µm
_1104_,15.08µm
router_inst.fifo_mem\[1\]\[16\],15.08µm
_0317_,15.03µm
_2344_,15.03µm
west_out[18],15.03µm
net879,14.98µm
boot_addr[1],14.98µm
boot_data[2],14.98µm
dft_rdata[5],14.98µm
west_out[1],14.98µm
_0614_,14.94µm
_0985_,14.94µm
router_inst.fifo_mem\[1\]\[27\],14.94µm
_0132_,14.89µm
_0217_,14.89µm
_0292_,14.89µm
_0544_,14.89µm
_1341_,14.89µm
_1419_,14.89µm
_1558_,14.89µm
_2054_,14.89µm
router_inst.fifo_mem\[2\]\[4\],14.89µm
_0274_,14.84µm
_0505_,14.84µm
_0888_,14.84µm
_1023_,14.84µm
_1171_,14.84µm
_1497_,14.84µm
_2136_,14.84µm
_2372_,14.84µm
_0322_,14.7µm
_2085_,14.7µm
_0327_,14.69µm
_2084_,14.65µm
_2255_,14.65µm
net990,14.61µm
_0469_,14.61µm
_1654_,14.61µm
_1754_,14.61µm
net1054,14.61µm
_1376_,14.605µm
_2363_,14.6µm
west_out[2],14.58µm
_0734_,14.57µm
_0051_,14.56µm
_1132_,14.56µm
_1179_,14.56µm
_1241_,14.56µm
_2130_,14.56µm
net30,14.56µm
nb_state\[0\],14.56µm
router_inst.fifo_mem\[3\]\[18\],14.56µm
router_inst.fifo_mem\[3\]\[28\],14.56µm
_1473_,14.475µm
west_out[15],14.47µm
net1038,14.455µm
router_inst.fifo_mem\[0\]\[27\],14.45µm
_2239_,14.43µm
_1201_,14.425µm
net869,14.42µm
net930,14.42µm
boot_addr[0],14.42µm
dft_mode,14.42µm
dft_rdata[3],14.42µm
south_out[29],14.42µm
west_out[14],14.42µm
west_out[21],14.42µm
west_out[24],14.42µm
west_out[7],14.42µm
_1304_,14.405µm
_1550_,14.405µm
_0245_,14.38µm
_0667_,14.38µm
_2305_,14.38µm
_0095_,14.33µm
net988,14.33µm
_0893_,14.33µm
_1424_,14.33µm
_1741_,14.33µm
_1861_,14.33µm
_1862_,14.33µm
_2026_,14.33µm
_2194_,14.33µm
_0221_,14.28µm
_0273_,14.28µm
_0282_,14.28µm
_0433_,14.28µm
_0786_,14.28µm
_1082_,14.28µm
_1243_,14.28µm
_1623_,14.28µm
_1632_,14.28µm
_1762_,14.28µm
_2196_,14.28µm
_2226_,14.28µm
_2244_,14.28µm
_1390_,14.275µm
_0968_,14.225µm
_0821_,14.19µm
net863,14.19µm
core_inst.servile.cpu.ctrl.i_jump,14.175µm
_0300_,14.14µm
_0303_,14.14µm
_1896_,14.1µm
_0014_,14.09µm
_0472_,14.09µm
_0477_,14.05µm
_1157_,14.05µm
_2073_,14.05µm
core_inst.servile.cpu.branch_op,14.05µm
net358,14.05µm
_1615_,14.04µm
east_out[31],14.02µm
_1361_,14.01µm
_0022_,14µm
net996,14µm
_0481_,14µm
_0785_,14µm
_0847_,14µm
_1450_,14µm
_2179_,14µm
router_inst.fifo_count\[2\],14µm
_0341_,13.96µm
_0386_,13.96µm
_1352_,13.91µm
_1204_,13.86µm
_1413_,13.86µm
boot_data[4],13.86µm
boot_mode,13.86µm
dft_rdata[1],13.86µm
east_out[32],13.86µm
west_out[32],13.86µm
_1977_,13.82µm
router_inst.fifo_mem\[3\]\[27\],13.82µm
_0861_,13.795µm
_0025_,13.77µm
_0030_,13.77µm
_0254_,13.77µm
_0261_,13.77µm
_0434_,13.77µm
_1494_,13.77µm
_1639_,13.77µm
_2053_,13.77µm
_2115_,13.77µm
_0285_,13.72µm
_0329_,13.72µm
_0447_,13.72µm
_0450_,13.72µm
_1150_,13.72µm
_1269_,13.72µm
_1289_,13.72µm
_1374_,13.72µm
_1437_,13.72µm
_1854_,13.72µm
_2028_,13.72µm
_2159_,13.72µm
_2198_,13.72µm
_2282_,13.72µm
_2350_,13.72µm
_1489_,13.7µm
_1395_,13.63µm
_2272_,13.63µm
_0351_,13.58µm
_0907_,13.56µm
_0059_,13.54µm
_2342_,13.53µm
_0117_,13.49µm
_0503_,13.49µm
_0592_,13.49µm
_0738_,13.49µm
_1083_,13.49µm
_1360_,13.49µm
_1667_,13.49µm
net13,13.49µm
core_inst.servile.rf_ram_if.rdata1\[3\],13.49µm
router_inst.fifo_rd_ptr\[1\],13.49µm
net1024,13.49µm
_0045_,13.44µm
_0127_,13.44µm
net978,13.44µm
_0541_,13.44µm
_0593_,13.44µm
_0650_,13.44µm
_1791_,13.44µm
_1810_,13.44µm
net28,13.44µm
net1032,13.44µm
_0737_,13.4µm
_1065_,13.35µm
_1459_,13.35µm
net845,13.3µm
boot_addr[2],13.3µm
east_out[11],13.3µm
west_out[11],13.3µm
_0509_,13.26µm
_0929_,13.26µm
_1053_,13.26µm
_1354_,13.25µm
_0002_,13.21µm
_0248_,13.21µm
_0268_,13.21µm
_0422_,13.21µm
_0426_,13.21µm
_0542_,13.21µm
_0727_,13.21µm
_1803_,13.21µm
_1837_,13.21µm
_1928_,13.21µm
_2312_,13.21µm
_2176_,13.18µm
_1404_,13.165µm
net969,13.16µm
_0208_,13.16µm
_0214_,13.16µm
_0444_,13.16µm
_0446_,13.16µm
_0514_,13.16µm
_0572_,13.16µm
_1168_,13.16µm
_1244_,13.16µm
_1363_,13.16µm
_1563_,13.16µm
_1629_,13.16µm
_1755_,13.16µm
_1907_,13.16µm
_1988_,13.16µm
_1995_,13.16µm
_2027_,13.16µm
_2182_,13.16µm
_2243_,13.16µm
_2258_,13.16µm
_2316_,13.16µm
router_inst.fifo_mem\[1\]\[18\],13.16µm
_1887_,13.075µm
_0827_,13.07µm
_1224_,13.07µm
_0740_,13.02µm
net892,13.02µm
_0502_,12.98µm
core_inst.servile.rf_ram_if.wdata0_r\[3\],12.98µm
_0307_,12.97µm
_0347_,12.97µm
_0466_,12.97µm
_0717_,12.97µm
_2343_,12.97µm
_0999_,12.955µm
net974,12.93µm
_0705_,12.93µm
_1711_,12.93µm
_1753_,12.93µm
_2265_,12.93µm
core_inst.servile.rf_ram_if.rdata0\[2\],12.93µm
core_inst.servile.rf_ram_if.rdata1\[2\],12.93µm
net261,12.93µm
net1037,12.93µm
_2087_,12.925µm
net997,12.88µm
_0641_,12.88µm
_0923_,12.88µm
_1107_,12.88µm
_1121_,12.88µm
_1124_,12.88µm
_1255_,12.88µm
_1508_,12.88µm
_1549_,12.88µm
_1571_,12.88µm
_2066_,12.88µm
core_inst.servile.rf_ram_if.rdata0\[5\],12.88µm
core_inst.servile.rf_ram_if.wdata0_r\[0\],12.88µm
net1019,12.88µm
_1033_,12.87µm
_1069_,12.84µm
_1486_,12.79µm
west_out[12],12.79µm
_1048_,12.785µm
_1114_,12.785µm
_0653_,12.765µm
_1454_,12.745µm
dft_ce,12.74µm
se_out[11],12.74µm
west_out[3],12.74µm
_1293_,12.7µm
_0531_,12.65µm
_1442_,12.65µm
_1587_,12.65µm
_1846_,12.65µm
_1959_,12.65µm
_2369_,12.65µm
_0020_,12.6µm
_0545_,12.6µm
_0778_,12.6µm
_1047_,12.6µm
_1212_,12.6µm
_1323_,12.6µm
_1470_,12.6µm
_1579_,12.6µm
_1876_,12.6µm
_1955_,12.6µm
_1990_,12.6µm
_2166_,12.6µm
_2211_,12.6µm
_2237_,12.6µm
_1599_,12.59µm
_1678_,12.59µm
_1441_,12.51µm
core_inst.servile.cpu.immdec.gen_immdec_w_eq_1.imm19_12_20\[1\],12.51µm
_1340_,12.5µm
_2021_,12.465µm
_0342_,12.46µm
_0494_,12.46µm
_1991_,12.43µm
_0344_,12.41µm
_0350_,12.41µm
_1019_,12.41µm
_1935_,12.38µm
_0110_,12.37µm
_0126_,12.37µm
_0331_,12.37µm
_0483_,12.37µm
_0501_,12.37µm
_1022_,12.37µm
_2149_,12.37µm
_0037_,12.32µm
_0081_,12.32µm
_0543_,12.32µm
_1449_,12.32µm
net329,12.32µm
net444,12.32µm
net460,12.32µm
net1016,12.32µm
_0310_,12.23µm
_1074_,12.23µm
_1318_,12.23µm
_1466_,12.23µm
_1532_,12.23µm
_2137_,12.23µm
west_out[17],12.23µm
boot_wen,12.18µm
dft_addr[1],12.18µm
_0849_,12.14µm
_1543_,12.14µm
_1672_,12.14µm
_1822_,12.14µm
_1874_,12.14µm
_1883_,12.14µm
_0128_,12.09µm
_0228_,12.09µm
_0233_,12.09µm
_0235_,12.09µm
_0298_,12.09µm
_0332_,12.09µm
_0406_,12.09µm
_0419_,12.09µm
_0449_,12.09µm
_0452_,12.09µm
_0453_,12.09µm
_1633_,12.09µm
_1649_,12.09µm
_1987_,12.09µm
_2281_,12.09µm
_0021_,12.04µm
_0041_,12.04µm
net985,12.04µm
_0230_,12.04µm
_0278_,12.04µm
_0409_,12.04µm
_0775_,12.04µm
_1561_,12.04µm
_2025_,12.04µm
_2144_,12.04µm
_2328_,12.04µm
_2361_,12.04µm
_2329_,12.02µm
_2168_,11.975µm
net848,11.95µm
net858,11.95µm
net880,11.95µm
_0398_,11.9µm
_0456_,11.9µm
_0044_,11.86µm
_2228_,11.86µm
_0323_,11.85µm
_0473_,11.85µm
_0722_,11.85µm
_0783_,11.85µm
_0795_,11.85µm
_1258_,11.85µm
_0476_,11.81µm
_0576_,11.81µm
_1298_,11.81µm
_2088_,11.81µm
_2104_,11.81µm
net385,11.81µm
net1010,11.81µm
net1015,11.81µm
net1018,11.81µm
_1054_,11.805µm
_0010_,11.77µm
_0016_,11.77µm
_0383_,11.77µm
_0387_,11.77µm
_1612_,11.77µm
net992,11.76µm
_0525_,11.76µm
_0745_,11.76µm
_0774_,11.76µm
_1191_,11.76µm
_1282_,11.76µm
_1147_,11.67µm
_1307_,11.67µm
_2262_,11.63µm
_0099_,11.58µm
_0257_,11.58µm
_0967_,11.58µm
_1276_,11.58µm
_0253_,11.53µm
_0258_,11.53µm
_0969_,11.53µm
_1522_,11.53µm
_1768_,11.53µm
_2049_,11.53µm
router_inst.fifo_mem\[1\]\[12\],11.53µm
_0130_,11.48µm
_0220_,11.48µm
_0703_,11.48µm
_0733_,11.48µm
_0917_,11.48µm
_1095_,11.48µm
_1178_,11.48µm
_1227_,11.48µm
_1302_,11.48µm
_1689_,11.48µm
_1719_,11.48µm
_2042_,11.48µm
core_inst.servile.cpu.alu.add_cy_r\[0\],11.45µm
core_inst.servile.cpu.immdec.gen_immdec_w_eq_1.imm19_12_20\[2\],11.39µm
_0308_,11.34µm
_0313_,11.34µm
_0316_,11.34µm
_0328_,11.34µm
_0353_,11.34µm
_1094_,11.34µm
_0064_,11.3µm
_1884_,11.3µm
_0015_,11.29µm
_0457_,11.29µm
_0876_,11.29µm
_1805_,11.29µm
_1715_,11.275µm
_0613_,11.265µm
_1541_,11.26µm
_0587_,11.25µm
_1534_,11.25µm
_1666_,11.25µm
_1686_,11.25µm
_1921_,11.25µm
net1011,11.25µm
_1321_,11.245µm
_1392_,11.245µm
_0635_,11.24µm
_1734_,11.205µm
_0936_,11.2µm
_1089_,11.2µm
_1262_,11.2µm
net18,11.2µm
_0589_,11.16µm
_1761_,11.16µm
delaynet_1_clk,11.115µm
_1044_,11.06µm
_1137_,11.06µm
_1345_,11.06µm
_1457_,11.02µm
_1733_,11.02µm
_2207_,11.015µm
_0270_,10.97µm
_1346_,10.97µm
_1463_,10.97µm
_1483_,10.97µm
_1722_,10.97µm
_1877_,10.97µm
_2116_,10.97µm
_2154_,10.97µm
_2188_,10.97µm
_0211_,10.92µm
_0290_,10.92µm
_0708_,10.92µm
_0915_,10.92µm
_1057_,10.92µm
_1487_,10.92µm
_1491_,10.92µm
_1619_,10.92µm
_1668_,10.92µm
_1691_,10.92µm
_1702_,10.92µm
_1738_,10.92µm
_1819_,10.92µm
_1966_,10.92µm
_2034_,10.92µm
_2108_,10.92µm
_2217_,10.92µm
_0744_,10.91µm
_2370_,10.88µm
_2284_,10.805µm
_1013_,10.78µm
core_inst.servile.cpu.bufreg.c_r\[0\],10.775µm
_0882_,10.74µm
_1091_,10.74µm
_2056_,10.74µm
_0358_,10.73µm
_1211_,10.73µm
_1410_,10.73µm
_2355_,10.73µm
_1464_,10.715µm
_1140_,10.69µm
_1690_,10.69µm
_0396_,10.64µm
_0479_,10.64µm
_0980_,10.64µm
_0992_,10.64µm
_2063_,10.64µm
_2318_,10.64µm
_2364_,10.64µm
core_inst.servile.cpu.gen_csr.csr.mcause3_0\[1\],10.64µm
router_inst.fifo_mem\[1\]\[6\],10.64µm
_1136_,10.6µm
_1493_,10.55µm
_2358_,10.535µm
_0867_,10.46µm
_1445_,10.46µm
_1476_,10.46µm
_1478_,10.46µm
_1906_,10.46µm
_0293_,10.41µm
_0407_,10.41µm
_1205_,10.41µm
_1329_,10.41µm
_1411_,10.41µm
_1780_,10.41µm
_1796_,10.41µm
_1919_,10.41µm
_2117_,10.41µm
_2227_,10.41µm
_2294_,10.41µm
_0060_,10.36µm
_0096_,10.36µm
_0263_,10.36µm
_0943_,10.36µm
_1040_,10.36µm
_1219_,10.36µm
_1331_,10.36µm
_1365_,10.36µm
_1431_,10.36µm
_1488_,10.36µm
_1829_,10.36µm
_1900_,10.36µm
_1968_,10.36µm
router_inst.fifo_mem\[0\]\[7\],10.36µm
_1397_,10.32µm
_0911_,10.27µm
_1267_,10.27µm
_1425_,10.27µm
_1432_,10.27µm
_0789_,10.22µm
_0910_,10.18µm
_1502_,10.18µm
_1554_,10.18µm
_1660_,10.18µm
_2331_,10.155µm
_0046_,10.13µm
_0769_,10.13µm
_1650_,10.13µm
_1769_,10.13µm
_2216_,10.13µm
net1,10.13µm
net3,10.13µm
net4,10.13µm
core_inst.servile.rf_ram_if.rdata0\[1\],10.13µm
net439,10.13µm
net1026,10.13µm
_0120_,10.08µm
_0595_,10.08µm
_0658_,10.08µm
_1173_,10.08µm
_1601_,10.08µm
_2286_,10.08µm
core_inst.servile.cpu.gen_csr.csr.mcause3_0\[3\],10.08µm
net1050,10.08µm
delaynet_0_clk,9.945µm
_1385_,9.89µm
_2013_,9.89µm
_1250_,9.86µm
_0075_,9.85µm
_0222_,9.85µm
_0643_,9.85µm
_0674_,9.85µm
_1651_,9.85µm
_2273_,9.85µm
_1333_,9.805µm
_0029_,9.8µm
_0226_,9.8µm
_0484_,9.8µm
_0699_,9.8µm
_1079_,9.8µm
_1197_,9.8µm
_1263_,9.8µm
_2099_,9.8µm
_2140_,9.8µm
_2319_,9.8µm
_2336_,9.8µm
_2330_,9.79µm
_0304_,9.66µm
_0325_,9.66µm
_0471_,9.66µm
_1982_,9.62µm
_2114_,9.62µm
_0009_,9.61µm
_0320_,9.61µm
_0496_,9.61µm
_1167_,9.61µm
_2146_,9.57µm
_2276_,9.57µm
_2302_,9.57µm
net1020,9.57µm
_1066_,9.52µm
_1351_,9.52µm
_1557_,9.52µm
_1611_,9.52µm
_1636_,9.52µm
_1659_,9.52µm
_1707_,9.52µm
net2,9.52µm
core_inst.servile.cpu.gen_csr.csr.mcause3_0\[2\],9.52µm
net36,9.52µm
nb_state\[2\],9.52µm
_0772_,9.505µm
_1499_,9.48µm
_2009_,9.46µm
_0011_,9.43µm
_1056_,9.43µm
_1076_,9.385µm
_0874_,9.34µm
_2180_,9.34µm
_2200_,9.3µm
_0213_,9.29µm
_0239_,9.29µm
_0410_,9.29µm
_0413_,9.29µm
_0417_,9.29µm
_1324_,9.29µm
_1869_,9.29µm
_1962_,9.29µm
_2289_,9.29µm
_0749_,9.25µm
_0131_,9.24µm
_0334_,9.24µm
_1190_,9.24µm
_1207_,9.24µm
_1320_,9.24µm
_1553_,9.24µm
_1575_,9.24µm
_1588_,9.24µm
_1607_,9.24µm
_1726_,9.24µm
_2001_,9.24µm
_2005_,9.24µm
_2016_,9.24µm
_2018_,9.24µm
_2045_,9.24µm
_2081_,9.24µm
_2183_,9.24µm
_1859_,9.22µm
_0709_,9.2µm
_0468_,9.1µm
_0578_,9.1µm
_0815_,9.1µm
_1246_,9.1µm
_1871_,9.1µm
_2035_,9.07µm
_1327_,9.06µm
_2333_,9.06µm
router_inst.fifo_mem\[3\]\[2\],9.06µm
_0394_,9.05µm
_0490_,9.05µm
_0493_,9.05µm
_0746_,9.05µm
_1730_,9.05µm
_1915_,9.05µm
_0066_,9.01µm
_0121_,9.01µm
_1131_,9.01µm
net11,9.01µm
_1115_,8.97µm
_0107_,8.96µm
_0111_,8.96µm
_0474_,8.96µm
_0624_,8.96µm
_1317_,8.96µm
_1604_,8.96µm
_2089_,8.96µm
_2193_,8.96µm
_2327_,8.96µm
net8,8.96µm
net408,8.96µm
net1025,8.96µm
_2365_,8.95µm
_1970_,8.875µm
_0007_,8.87µm
_0340_,8.87µm
_0792_,8.87µm
_1468_,8.825µm
_1315_,8.78µm
_1739_,8.78µm
_1018_,8.73µm
_1028_,8.73µm
_1412_,8.73µm
_1643_,8.73µm
_1945_,8.73µm
_1997_,8.73µm
_2204_,8.73µm
_0205_,8.68µm
_0246_,8.68µm
_0649_,8.68µm
_1090_,8.68µm
_1348_,8.68µm
_1375_,8.68µm
_1433_,8.68µm
_1469_,8.68µm
_1471_,8.68µm
_1503_,8.68µm
_1614_,8.68µm
_1695_,8.68µm
_1911_,8.68µm
_1933_,8.68µm
_1980_,8.68µm
_2003_,8.68µm
_2004_,8.68µm
_2300_,8.68µm
_2311_,8.68µm
_1568_,8.58µm
_1036_,8.575µm
_2190_,8.565µm
_0462_,8.54µm
_1708_,8.5µm
_0008_,8.49µm
_0302_,8.49µm
_0384_,8.49µm
_0475_,8.49µm
_2097_,8.49µm
_2020_,8.46µm
_0048_,8.45µm
_0104_,8.45µm
_1516_,8.45µm
_2191_,8.45µm
net1047,8.45µm
_1061_,8.445µm
_1106_,8.445µm
_1427_,8.445µm
_0108_,8.4µm
_0112_,8.4µm
_0171_,8.4µm
_0714_,8.4µm
_0916_,8.4µm
_1029_,8.4µm
_1624_,8.4µm
_1646_,8.4µm
_1670_,8.4µm
_1683_,8.4µm
_1910_,8.4µm
_2065_,8.4µm
net1051,8.4µm
_1236_,8.365µm
_2145_,8.36µm
_0784_,8.31µm
_1586_,8.31µm
_1316_,8.265µm
_1356_,8.265µm
_1052_,8.26µm
_0026_,8.17µm
_0416_,8.17µm
_1229_,8.17µm
_2131_,8.17µm
_0027_,8.12µm
_0032_,8.12µm
_0089_,8.12µm
_0093_,8.12µm
_0231_,8.12µm
_0260_,8.12µm
_0404_,8.12µm
_0796_,8.12µm
_0979_,8.12µm
_1180_,8.12µm
_1355_,8.12µm
_1377_,8.12µm
_1581_,8.12µm
_1630_,8.12µm
_1684_,8.12µm
_1764_,8.12µm
_1889_,8.12µm
_1924_,8.12µm
_1953_,8.12µm
_2113_,8.12µm
_0768_,8.08µm
_1941_,8.075µm
_2119_,8.055µm
_1144_,8.03µm
_1349_,8.03µm
_1971_,7.985µm
_1676_,7.94µm
_1787_,7.94µm
_2010_,7.94µm
net1044,7.94µm
_1369_,7.935µm
_0314_,7.93µm
_0315_,7.93µm
_0318_,7.93µm
_0321_,7.93µm
_0339_,7.93µm
_0355_,7.93µm
_0360_,7.93µm
_0361_,7.93µm
_0375_,7.93µm
_0463_,7.93µm
_0470_,7.93µm
_0491_,7.93µm
_0791_,7.93µm
_1657_,7.93µm
_2106_,7.93µm
_2356_,7.93µm
_1265_,7.89µm
_1784_,7.89µm
_2321_,7.89µm
net24,7.89µm
net1000,7.84µm
_0035_,7.84µm
_0068_,7.84µm
_0177_,7.84µm
_0577_,7.84µm
_1388_,7.84µm
_1675_,7.84µm
_2103_,7.84µm
net427,7.84µm
net431,7.84µm
net446,7.84µm
net1029,7.84µm
_1071_,7.75µm
_1230_,7.75µm
_1359_,7.74µm
_1176_,7.735µm
_1032_,7.705µm
_1059_,7.7µm
_2264_,7.685µm
_1598_,7.655µm
_0688_,7.62µm
_0427_,7.61µm
_0497_,7.61µm
_0742_,7.61µm
_1453_,7.61µm
_1462_,7.61µm
_1912_,7.61µm
_0207_,7.56µm
_0216_,7.56µm
_0271_,7.56µm
_0421_,7.56µm
_0428_,7.56µm
_0431_,7.56µm
_0432_,7.56µm
_0436_,7.56µm
_0438_,7.56µm
_0678_,7.56µm
_0729_,7.56µm
_1014_,7.56µm
_1123_,7.56µm
_1148_,7.56µm
_1175_,7.56µm
_1591_,7.56µm
_1593_,7.56µm
_1653_,7.56µm
_1661_,7.56µm
_1763_,7.56µm
_1860_,7.56µm
_1934_,7.56µm
_1947_,7.56µm
_1948_,7.56µm
_2105_,7.56µm
_2161_,7.56µm
net395,7.56µm
_2223_,7.52µm
_2127_,7.495µm
net1035,7.46µm
_0464_,7.42µm
_1595_,7.38µm
_1621_,7.38µm
_0033_,7.37µm
_1228_,7.37µm
_2208_,7.37µm
_2287_,7.34µm
_1141_,7.33µm
_2349_,7.33µm
net14,7.33µm
net26,7.33µm
net382,7.33µm
_0513_,7.28µm
_0707_,7.28µm
_0974_,7.28µm
_1070_,7.28µm
_1448_,7.28µm
_1590_,7.28µm
_2011_,7.28µm
_2091_,7.28µm
core_inst.servile.rf_ram_if.wdata1_r\[0\],7.28µm
net961,7.28µm
net447,7.28µm
net1002,7.28µm
_1055_,7.185µm
_2231_,7.15µm
_1099_,7.145µm
_1335_,7.145µm
_1461_,7.145µm
_1097_,7.14µm
_1128_,7.135µm
_1440_,7.1µm
_1797_,7.1µm
_2072_,7.06µm
_0848_,7.05µm
_1135_,7.05µm
_1481_,7.05µm
_1662_,7.05µm
_0289_,7µm
_0405_,7µm
_0664_,7µm
_0891_,7µm
_1016_,7µm
_1021_,7µm
_1045_,7µm
_1158_,7µm
_1428_,7µm
_1507_,7µm
_1567_,7µm
_1688_,7µm
_1712_,7µm
_1746_,7µm
_1824_,7µm
_1899_,7µm
_1917_,7µm
_2075_,7µm
_2126_,7µm
_2212_,7µm
net41,7µm
_1727_,6.98µm
net1034,6.91µm
_0834_,6.87µm
_1078_,6.86µm
_1062_,6.82µm
_0017_,6.81µm
_0367_,6.81µm
_0467_,6.81µm
_1103_,6.77µm
_1600_,6.77µm
_1679_,6.77µm
_1807_,6.77µm
_2008_,6.77µm
_2100_,6.77µm
_2209_,6.77µm
_2250_,6.77µm
net12,6.77µm
net16,6.77µm
net1001,6.77µm
net1031,6.77µm
_1216_,6.765µm
_0364_,6.73µm
net966,6.72µm
_0480_,6.72µm
_0533_,6.72µm
_1170_,6.72µm
_1728_,6.72µm
net1028,6.72µm
_1160_,6.68µm
_1181_,6.635µm
_1344_,6.63µm
_0871_,6.54µm
_1918_,6.49µm
_1927_,6.49µm
_2023_,6.49µm
_2292_,6.49µm
_0280_,6.44µm
_0424_,6.44µm
_0425_,6.44µm
_0439_,6.44µm
_0445_,6.44µm
_0655_,6.44µm
_0748_,6.44µm
_0887_,6.44µm
_0896_,6.44µm
_1548_,6.44µm
_1799_,6.44µm
_1878_,6.44µm
_1926_,6.44µm
_2143_,6.44µm
_1439_,6.435µm
_1644_,6.355µm
_1743_,6.355µm
_1950_,6.355µm
_1447_,6.35µm
_1936_,6.35µm
_0210_,6.3µm
_0366_,6.3µm
_0787_,6.3µm
_1203_,6.3µm
_0752_,6.26µm
_0753_,6.26µm
_1603_,6.26µm
_2252_,6.26µm
net571,6.26µm
_0005_,6.25µm
_0359_,6.25µm
_0392_,6.25µm
_0465_,6.25µm
_0486_,6.25µm
_0488_,6.25µm
_2353_,6.25µm
_1645_,6.235µm
net1030,6.21µm
_1039_,6.205µm
_0092_,6.16µm
_1199_,6.16µm
_1744_,6.16µm
_1863_,6.16µm
net425,6.16µm
_0352_,6.12µm
_1166_,6.1µm
_0365_,6.07µm
_0369_,6.07µm
_1177_,6.07µm
_1381_,6.07µm
_1416_,6.07µm
_2041_,6.03µm
_1185_,6.02µm
_1723_,5.98µm
_2098_,5.98µm
_0573_,5.93µm
_1414_,5.93µm
_2271_,5.93µm
_0003_,5.88µm
_0243_,5.88µm
_1154_,5.88µm
_1366_,5.88µm
_1596_,5.88µm
_1613_,5.88µm
_1975_,5.88µm
_1976_,5.88µm
_1996_,5.88µm
_2134_,5.88µm
_2260_,5.88µm
_2280_,5.88µm
_1856_,5.79µm
_1027_,5.74µm
_1940_,5.7µm
_0348_,5.69µm
_1017_,5.69µm
_1638_,5.69µm
_0036_,5.65µm
_0499_,5.65µm
_1387_,5.65µm
_0336_,5.61µm
_0346_,5.61µm
_0934_,5.6µm
_1087_,5.6µm
_1710_,5.6µm
_2335_,5.6µm
core_inst.servile.rf_ram_if.rdata0\[6\],5.6µm
core_inst.servile.rf_ram_if.rdata1\[5\],5.6µm
_0536_,5.59µm
_1011_,5.51µm
_2024_,5.495µm
_1117_,5.46µm
_0730_,5.445µm
_1886_,5.445µm
_0224_,5.42µm
_1398_,5.42µm
_1467_,5.42µm
_2046_,5.42µm
_2036_,5.41µm
_0275_,5.37µm
_0574_,5.37µm
_1161_,5.37µm
_1208_,5.37µm
_1421_,5.37µm
_1501_,5.37µm
_1932_,5.37µm
_0420_,5.32µm
_1143_,5.32µm
_1281_,5.32µm
_1370_,5.32µm
_1372_,5.32µm
_1407_,5.32µm
_1570_,5.32µm
_1606_,5.32µm
_1652_,5.32µm
_1658_,5.32µm
_1735_,5.32µm
_1827_,5.32µm
_1942_,5.32µm
_1994_,5.32µm
_2048_,5.32µm
_2165_,5.32µm
_1685_,5.3µm
_1322_,5.185µm
net1053,5.14µm
_0006_,5.13µm
_0301_,5.13µm
_0363_,5.13µm
_1992_,5.13µm
_1626_,5.115µm
_2160_,5.1µm
_2178_,5.1µm
_0071_,5.09µm
_1490_,5.09µm
_1772_,5.09µm
net991,5.04µm
net983,5.04µm
net967,5.04µm
_0170_,5.04µm
_0735_,5.04µm
_0758_,5.04µm
_0856_,5.04µm
_1026_,5.04µm
_1188_,5.04µm
net388,5.04µm
net435,5.04µm
net445,5.04µm
net1036,5.04µm
_2247_,5µm
_0712_,4.95µm
_0819_,4.95µm
_1080_,4.95µm
_1129_,4.95µm
_1174_,4.95µm
_1402_,4.95µm
_1737_,4.95µm
_1875_,4.935µm
_1120_,4.905µm
_1378_,4.905µm
_1162_,4.9µm
_0414_,4.81µm
_0725_,4.81µm
_1242_,4.81µm
_1379_,4.81µm
_1564_,4.81µm
_1713_,4.81µm
_1751_,4.81µm
_1858_,4.81µm
_1367_,4.8µm
_0229_,4.76µm
_0265_,4.76µm
_0272_,4.76µm
_0279_,4.76µm
_0284_,4.76µm
_0403_,4.76µm
_0423_,4.76µm
_0890_,4.76µm
_1085_,4.76µm
_1202_,4.76µm
_1253_,4.76µm
_1292_,4.76µm
_1326_,4.76µm
_1460_,4.76µm
_1682_,4.76µm
_1706_,4.76µm
_1851_,4.76µm
_1882_,4.76µm
_1960_,4.76µm
_1973_,4.76µm
_1974_,4.76µm
_2017_,4.76µm
_2031_,4.76µm
_2222_,4.76µm
_2248_,4.76µm
_2283_,4.76µm
_2308_,4.76µm
_2347_,4.76µm
_0338_,4.62µm
_0487_,4.62µm
_1012_,4.605µm
_0305_,4.57µm
_0368_,4.57µm
_0372_,4.57µm
_0373_,4.57µm
_0374_,4.57µm
_1182_,4.57µm
_1592_,4.57µm
_2346_,4.57µm
_0124_,4.53µm
_0500_,4.53µm
_0507_,4.53µm
_2033_,4.53µm
net1012,4.53µm
net1013,4.53µm
core_inst.rf_mem_if.o_wb_rdt\[30\],4.49µm
_0069_,4.48µm
_0122_,4.48µm
net977,4.48µm
_0330_,4.48µm
_0482_,4.48µm
_1110_,4.48µm
_1163_,4.48µm
_1620_,4.48µm
_1627_,4.48µm
_1700_,4.48µm
_1736_,4.48µm
_1798_,4.48µm
_1867_,4.48µm
_1938_,4.48µm
_2071_,4.48µm
core_inst.servile.rf_ram_if.rdata1\[1\],4.48µm
net317,4.48µm
net43,4.48µm
net429,4.48µm
net440,4.48µm
net454,4.48µm
net1023,4.48µm
net1055,4.48µm
_1041_,4.39µm
_1049_,4.39µm
_1189_,4.39µm
_1347_,4.39µm
_1213_,4.34µm
_1408_,4.3µm
_1495_,4.3µm
_1584_,4.3µm
_1383_,4.29µm
_1399_,4.29µm
_2107_,4.25µm
_1978_,4.245µm
_1640_,4.23µm
_0176_,4.2µm
_0204_,4.2µm
_0232_,4.2µm
_0247_,4.2µm
_0259_,4.2µm
_0262_,4.2µm
_0296_,4.2µm
_0402_,4.2µm
_0455_,4.2µm
_0529_,4.2µm
_1064_,4.2µm
_1072_,4.2µm
_1084_,4.2µm
_1088_,4.2µm
_1226_,4.2µm
_1338_,4.2µm
_1394_,4.2µm
_1426_,4.2µm
_1472_,4.2µm
_1585_,4.2µm
_1602_,4.2µm
_1731_,4.2µm
_1801_,4.2µm
_1890_,4.2µm
_1891_,4.2µm
_1952_,4.2µm
_2002_,4.2µm
_2123_,4.2µm
_2133_,4.2µm
_2348_,4.2µm
_0660_,4.11µm
_1802_,4.11µm
_0697_,4.095µm
_0306_,4.06µm
_0909_,4.06µm
_2101_,3.97µm
_1086_,3.93µm
_0103_,3.92µm
_0710_,3.92µm
_0945_,3.92µm
_1125_,3.92µm
_1634_,3.92µm
_1680_,3.92µm
_1701_,3.92µm
_1804_,3.92µm
_2096_,3.92µm
_2163_,3.92µm
net22,3.92µm
net396,3.92µm
_1100_,3.91µm
_1210_,3.91µm
_0357_,3.83µm
_1034_,3.83µm
_1051_,3.83µm
_1222_,3.83µm
_1949_,3.79µm
_1111_,3.78µm
_1337_,3.78µm
_1423_,3.78µm
_2251_,3.74µm
_0763_,3.7µm
_1130_,3.69µm
_0813_,3.65µm
_0831_,3.65µm
_0004_,3.64µm
_0065_,3.64µm
net994,3.64µm
net973,3.64µm
_0236_,3.64µm
_0333_,3.64µm
_0399_,3.64µm
_0400_,3.64µm
_0415_,3.64µm
_0418_,3.64µm
_0451_,3.64µm
_0640_,3.64µm
_0702_,3.64µm
_0920_,3.64µm
_1025_,3.64µm
_1093_,3.64µm
_1380_,3.64µm
_1400_,3.64µm
_1405_,3.64µm
_1415_,3.64µm
_1475_,3.64µm
_1485_,3.64µm
_1492_,3.64µm
_1594_,3.64µm
_1622_,3.64µm
_1671_,3.64µm
_1692_,3.64µm
_1698_,3.64µm
_1828_,3.64µm
_1866_,3.64µm
_1920_,3.64µm
_1989_,3.64µm
_2093_,3.64µm
_2156_,3.64µm
_2214_,3.64µm
_2279_,3.64µm
_1515_,3.55µm
_1139_,3.535µm
_0837_,3.525µm
_1050_,3.46µm
_1109_,3.46µm
_1500_,3.46µm
_0335_,3.45µm
_0337_,3.45µm
_0343_,3.45µm
_0349_,3.45µm
_0362_,3.45µm
_0379_,3.45µm
_0385_,3.45µm
_0460_,3.45µm
_0489_,3.45µm
_0492_,3.45µm
_1209_,3.45µm
_1699_,3.45µm
_1855_,3.42µm
_0764_,3.41µm
_0049_,3.36µm
_0052_,3.36µm
_0083_,3.36µm
_0173_,3.36µm
_0498_,3.36µm
_0583_,3.36µm
_0731_,3.36µm
_1456_,3.36µm
_1628_,3.36µm
_1694_,3.36µm
_2109_,3.36µm
net1006,3.36µm
net1049,3.36µm
net1057,3.36µm
_0757_,3.345µm
_1122_,3.32µm
_0825_,3.27µm
_1005_,3.27µm
_2357_,3.27µm
_2354_,3.17µm
_2366_,3.155µm
_1362_,3.13µm
_1677_,3.125µm
_0028_,3.08µm
_0172_,3.08µm
_0219_,3.08µm
_0252_,3.08µm
_0256_,3.08µm
_0277_,3.08µm
_0283_,3.08µm
_0401_,3.08µm
_0429_,3.08µm
_0430_,3.08µm
_0435_,3.08µm
_0448_,3.08µm
_0539_,3.08µm
_0706_,3.08µm
_1035_,3.08µm
_1151_,3.08µm
_1159_,3.08µm
_1195_,3.08µm
_1384_,3.08µm
_1391_,3.08µm
_1401_,3.08µm
_1484_,3.08µm
_1531_,3.08µm
_1576_,3.08µm
_1582_,3.08µm
_1673_,3.08µm
_1696_,3.08µm
_1703_,3.08µm
_1729_,3.08µm
_1750_,3.08µm
_1868_,3.08µm
_2040_,3.08µm
_2095_,3.08µm
_2164_,3.08µm
_0642_,3.01µm
_0930_,2.975µm
_0840_,2.9µm
_1108_,2.89µm
_0682_,2.85µm
_1134_,2.845µm
_1406_,2.845µm
_1434_,2.845µm
_0038_,2.8µm
_0485_,2.8µm
_0535_,2.8µm
_0839_,2.8µm
_0993_,2.8µm
_1693_,2.8µm
_2110_,2.8µm
_1479_,2.61µm
_0299_,2.52µm
_0411_,2.52µm
_0412_,2.52µm
_0441_,2.52µm
_0537_,2.52µm
_0941_,2.52µm
_1142_,2.52µm
_1617_,2.52µm
_1625_,2.52µm
_1705_,2.52µm
_1717_,2.52µm
_0345_,2.33µm
_0378_,2.33µm
_1063_,2.33µm
_0546_,2.24µm
net1042,1.68µm
net1056,1.68µm
